-- phpMyAdmin SQL Dump
-- version 5.0.2
-- https://www.phpmyadmin.net/
--
-- Host: localhost:3306
-- Generation Time: Nov 12, 2020 at 03:28 AM
-- Server version: 10.4.14-MariaDB
-- PHP Version: 7.4.10

SET SQL_MODE = "NO_AUTO_VALUE_ON_ZERO";
START TRANSACTION;
SET time_zone = "+00:00";


/*!40101 SET @OLD_CHARACTER_SET_CLIENT=@@CHARACTER_SET_CLIENT */;
/*!40101 SET @OLD_CHARACTER_SET_RESULTS=@@CHARACTER_SET_RESULTS */;
/*!40101 SET @OLD_COLLATION_CONNECTION=@@COLLATION_CONNECTION */;
/*!40101 SET NAMES utf8mb4 */;

--
-- Database: `graduation efficiency planner`
--

-- --------------------------------------------------------

--
-- Table structure for table `courses`
--

CREATE TABLE `courses` (
  `id` int(11) NOT NULL,
  `name` varchar(255) NOT NULL,
  `description` text NOT NULL,
  `credits` int(11) NOT NULL
) ENGINE=InnoDB DEFAULT CHARSET=utf8mb4;

--
-- Dumping data for table `courses`
--

INSERT INTO `courses` (`id`, `name`, `description`, `credits`) VALUES
(2, 'ACCT-210', 'Financial Accounting', 4),
(3, 'ACCT-311', 'Intermediate Accounting I', 4),
(4, 'ACCT-312', 'Intermediate Accounting II', 4),
(5, 'ACCT-320', 'Strategic Management Accounting', 4),
(6, 'ACCT-340', 'Accounting Information Systems', 4),
(7, 'ACCT-510', 'Advanced Accounting', 4),
(8, 'ACCT-512', 'Auditing', 4),
(9, 'ACCT-520', 'Advanced Strategic Management Accounting', 4),
(10, 'ACCT-530', 'Business Taxation', 4),
(11, 'ACCT-620', 'Management Accounting', 4),
(12, 'ANTH-101', 'Human Origins', 3),
(13, 'ANTH-301', 'Approaches to Cultural Anthropology', 4),
(14, 'ANTH-302', 'Gender and Culture', 4),
(15, 'ANTH-304', 'Anthropology of Religion', 4),
(16, 'ANTH-308', 'Archaeology: Explaining the Past', 4),
(17, 'ANTH-329', 'Race and Ethnicity: Sociological and Anthropological Perspectives', 4),
(18, 'ARTS-106', 'Introduction to Drawing', 4),
(19, 'ARTS-115', 'Introduction to Photography', 4),
(20, 'ARTS-203', 'Introduction to Digital Arts', 4),
(21, 'ARTS-301', 'Current Topics: Alternative Photo Processes', 2),
(22, 'ARTS-302', 'Exhibition Practices', 2),
(23, 'ARTS-306', 'Intermediate Drawing', 4),
(24, 'ARTS-307', 'Intermediate Painting', 4),
(25, 'ARTS-319', 'Topics in Printmaking: Relief', 4),
(26, 'ARTS-320', 'Topics in Clay: Wheel-Throwing', 3),
(27, 'ARTS-350I', 'Arts Individualized Internship', 3),
(28, 'ARTS-360I', 'Traditional and Virtual Environmental Watercolor Techniques', 4),
(29, 'ARTS-400', 'Capstone Seminar', 4),
(30, 'BIOL-105', 'Human Biology', 4),
(31, 'BIOL-107', 'Biology, Race, and Racism', 4),
(32, 'BIOL-111', 'General Biology I', 4),
(33, 'BIOL-112', 'General Biology II', 4),
(34, 'BIOL-211', 'Principles of Genetics', 4),
(35, 'BIOL-221', 'Human Anatomy and Physiology I', 0),
(36, 'BIOL-221L', 'Human Anatomy and Physiology I Lab', 4),
(37, 'BIOL-222', 'Human Anatomy and Physiology II', 0),
(38, 'BIOL-222L', 'Human Anatomy and Physiology II Lab', 4),
(39, 'BIOL-225', 'Basic Microbiology', 0),
(40, 'BIOL-225L', 'Basic Microbiology Lab', 5),
(41, 'BIOL-302', 'Cell Biology and Histology', 5),
(42, 'BIOL-304', 'Molecular Biology', 5),
(43, 'BIOL-307', 'Biochemistry', 5),
(44, 'BIOL-310', 'Ecology', 5),
(45, 'BIOL-312', 'Evolution', 5),
(46, 'BIOL-320', 'Ecosystem and Global Ecology', 5),
(47, 'BIOL-324', 'Invertebrate Biology', 5),
(48, 'BIOL-330', 'Biology of Microorganisms', 3),
(49, 'BIOL-415', 'Pollution Ecology', 1),
(50, 'BIOL-469', 'Seminars in Biology', 3),
(51, 'BIOL-479', 'Advanced Topics in Biology: Comparative Vertebrate Anatomy', 2),
(52, 'BIOL-489', 'Senior Research in Biology', 4),
(53, 'BLAW-310', 'Business Law: UCC and Contracts', 4),
(54, 'BLAW-320', 'Legal Environment of Organizations', 4),
(55, 'BLAW-430', 'Marketing and Advertising Law', 4),
(56, 'CFS-262', 'Computer and Operating Systems Fundamentals I', 4),
(57, 'CFS-264', 'Computer and Operating Systems Fundamentals II', 4),
(58, 'CFS-280', 'Introduction to Computer Forensics', 4),
(59, 'CFS-345', 'Electronic Discovery I', 4),
(60, 'CFS-380', 'Digital Evidence Analysis', 4),
(61, 'CFS-484', 'Computer Laws', 4),
(62, 'CHEM-105', 'Survey of General, Organic, and Biochemistry', 0),
(63, 'CHEM-105L', 'Survey of General, Organic, and Biochemistry', 4),
(64, 'CHEM-107', 'Chemistry, Society and the Environment', 4),
(65, 'CHEM-111', 'General Chemistry I', 4),
(66, 'CHEM-112', 'General Chemistry II', 4),
(67, 'CHEM-231', 'Organic Chemistry I', 1),
(68, 'CHEM-231L', 'Organic Chemistry I Lab', 3),
(69, 'CHEM-325', 'Biochemistry I: Biomolecule Structure and Function', 2),
(70, 'CHEM-327', 'Biochemistry Laboratory', 4),
(71, 'CHEM-332', 'Organic Chemistry II', 1),
(72, 'CHEM-332L', 'Organic Chemistry II Lab', 5),
(73, 'CHEM-341', 'Quantitative Analysis', 5),
(74, 'CHEM-350I', 'Evaluations in Electroforming Thickness', 3),
(75, 'CHEM-425', 'Polymer Chemistry and Dynamics', 5),
(76, 'CHEM-441', 'Instrumental Analysis', 1),
(77, 'CHEM-469', 'Seminars in Chemistry', 3),
(78, 'CHEM-479', 'Special Topics: Polymer Chemistry and Dynamics', 2),
(79, 'CHEM-488', 'Directed Research in Biochemistry', 2),
(80, 'CHEM-489', 'Directed Research in Chemistry', 3),
(81, 'CJS-101', 'Introduction to Criminal Justice', 3),
(82, 'CJS-201', 'Foundations in Criminal Justice', 1),
(83, 'CJS-202', 'Introduction to Evidence-Based Practices', 3),
(84, 'CJS-210', 'Constitutional Law', 4),
(85, 'CJS-300', 'Corrections and Community Corrections', 4),
(86, 'CJS-301', 'Research Methods in Criminal Justice', 3),
(87, 'CJS-303', 'Risk, Need, Responsivity in Evidence-Based Practices', 3),
(88, 'CJS-304', 'Case Planning with Justice-Involved Individuals', 4),
(89, 'CJS-305', 'The Criminal Court System', 4),
(90, 'CJS-320', 'Criminology and Public Policy', 4),
(91, 'CJS-333', 'Gangs', 4),
(92, 'CJS-350', 'Citizenship: Community Involvement', 4),
(93, 'CJS-360', 'Diversity in Criminal Justice', 4),
(94, 'CJS-360I', 'Recurrent Domestic Sexual Violence Within Families', 4),
(95, 'CJS-365', 'Media in Criminal Justice: Fake News and High Drama', 4),
(96, 'CJS-375', 'Ethics and Professionalism in Criminal Justice', 1),
(97, 'CJS-377', 'Criminal Justice Practicum', 4),
(98, 'CJS-382', 'Topics in Criminal Justice: One2One Mentoring', 4),
(99, 'CJS-465', 'Criminal Justice Response to the Mentally Ill and Other Special Populations', 4),
(100, 'CJS-489', 'Criminal Justice Capstone Internship', 3),
(101, 'CJS-490', 'Criminal Justice Capstone Research', 3),
(102, 'COMM-103', 'Public Speaking', 4),
(103, 'COMM-103P', 'Public Speaking Proficiency Test', 3),
(104, 'COMM-200', 'Creating Change through Communication, Writing and the Arts', 3),
(105, 'COMM-231', 'Introduction to Interpersonal Communication', 4),
(106, 'COMM-233', 'Introduction to Intercultural Communication', 4),
(107, 'COMM-320', 'Individual Rights and Public Discourse', 4),
(108, 'COMM-332', 'Negotiation And Mediation Skills', 4),
(109, 'COMM-333', 'Intermediate Intercultural Communication', 4),
(110, 'COMM-351', 'Communication in Work Groups', 4),
(111, 'COMM-352', 'Organizational Communication', 4),
(112, 'COMM-365I', 'Usability', 4),
(113, 'COMM-372', 'Health Communication', 4),
(114, 'COMM-381', 'Public Relations Principles', 4),
(115, 'COMM-385', 'Media Relations', 4),
(116, 'COMM-452', 'Advanced Organizational Communication', 4),
(117, 'COMM-481', 'Advanced Public Relations', 4),
(118, 'CYBR-332', 'Computer Security', 4),
(119, 'CYBR-360I', 'Security and Privacy Issues in E-Health and Vehicular Ad Hoc Networks', 4),
(120, 'CYBR-362', 'Networking Protocols and Analysis', 4),
(121, 'CYBR-412', 'Vulnerability Assessment and Penetration Testing', 2),
(122, 'CYBR-621', 'Secure System Programming and OS Theory', 2),
(123, 'CYBR-641', 'Cyber Operations Fundamentals', 2),
(124, 'CYBR-645', 'Cyber Threat Hunting and Intelligence', 1),
(125, 'CYBR-671', 'Digital Forensics I', 4),
(126, 'CYBR-698', 'Cyber Operations Capstone Project', 4),
(127, 'DATA-211', 'Data Science and Visualization', 4),
(128, 'DATA-499', 'Data Science Capstone', 4),
(129, 'DBA-700', 'Doctoral Seminar in the Development of Management Thought', 3),
(130, 'DBA-705', 'Foundations of Research Inquiry', 3),
(131, 'DBA-795', 'Directed Doctoral Research on Applied Projects', 3),
(132, 'DENH-330', 'Dental Hygiene Care for Culturally Diverse and Special Needs Populations', 1),
(133, 'DENH-410', 'Evidence-Based Dental Hygiene Practice', 6),
(134, 'DENH-620', 'Pharmacological Principles in Practice', 1),
(135, 'DENH-630', 'Management of Medical Emergencies', 4),
(136, 'DENH-640', 'Restorative Dentistry I', 4),
(137, 'DENH-685', 'Oral Health Literacy and Communication', 4),
(138, 'DSCI-350I', 'Logistics Coordinator Internship', 4),
(139, 'DSCI-365I', 'Lean Continuous Improvement through Six Sigma', 4),
(140, 'DSCI-420', 'Project Management', 4),
(141, 'DSCI-421', 'Project Planning and Budgeting', 4),
(142, 'DSCI-434', 'Introduction to Operations Management', 4),
(143, 'DSCI-440', 'Supply Chain Planning and Control', 4),
(144, 'DSCI-444', 'Project Leadership and Execution', 4),
(145, 'DSCI-450', 'Supply Chain and Operations Management Strategy', 4),
(146, 'DSCI-620', 'Project Management', 3),
(147, 'DSCI-630', 'Project Risk Management', 3),
(148, 'DSCI-681', 'Operations Management', 4),
(149, 'ECON-201', 'Macroeconomics', 4),
(150, 'ECON-202', 'Microeconomics', 4),
(151, 'ECON-300', 'Analytical and Quantitative Methods for Economists', 4),
(152, 'ECON-311', 'Economics of the Environment', 4),
(153, 'ECON-315', 'Economics of Diversity', 4),
(154, 'ECON-317', 'Global Economic and Financial Crises: Theory and Policy', 4),
(155, 'ECON-351', 'Intermediate Macroeconomics', 2),
(156, 'ECON-420', 'Money, Banking and Financial Institutions', 2),
(157, 'ECON-496', 'Managerial Economics', 3),
(158, 'ECON-611', 'Foundations of Economic Analysis', 3),
(159, 'ECON-696', 'Managerial Economics and Strategy', 3),
(160, 'EDU-200', 'Introduction to Urban Education and Reflective Teaching', 4),
(161, 'EDU-203', 'Multicultural Education', 3),
(162, 'EDU-300', 'Assessment of Learning and Teaching in Urban Grades 5-12', 0),
(163, 'EDU-306', 'Urban Middle School and High School Methods', 4),
(164, 'EDU-310', 'Teaching and Assessing Students with Disabilities in Urban 5-12 Classrooms', 4),
(165, 'EDU-311', 'Urban Teaching Practicum and Seminar', 3),
(166, 'EDU-321', 'Urban Infant-Toddler Curriculum and Practicum', 3),
(167, 'EDU-323', 'Urban Pre-K and Kindergarten Curriculum and Practicum', 3),
(168, 'EDU-330', 'Teaching Children\'s Literature in Urban Grades K-6', 2),
(169, 'EDU-331', 'Physical Development, Health, Nutrition, Effects of Drugs in Birth-Grade 6', 3),
(170, 'EDU-333', 'Assessment of Learning in Urban Grades K-6', 3),
(171, 'EDU-341', 'The Child and the Family in an Urban Setting', 2),
(172, 'EDU-345', 'Integrated Classroom Management Methods in Urban Grades K-6', 3),
(173, 'EDU-361', 'The Arts in Early Childhood and Elementary Education', 3),
(174, 'EDU-383', 'Information Technology for K-12 Education', 3),
(175, 'EDU-400', 'Literacy Education in Urban Schools', 0),
(176, 'EDU-430', 'Historical and Cultural Foundations of Urban Education', 3),
(177, 'EDU-435', 'Teaching and Assessing English Language Learners', 3),
(178, 'EDU-450', 'Advanced Urban Teaching Practicum and Seminar', 1),
(179, 'EDU-451', 'Immigrants and Refugees in Urban Schools', 1),
(180, 'EDU-452', 'Theories and Methods of Language Learning', 1),
(181, 'EDU-456', 'Elementary ESL Practicum', 8),
(182, 'EDU-457', 'Middle School ESL Practicum', 8),
(183, 'EDU-458', 'High School ESL Practicum', 4),
(184, 'EDU-460', 'Student Teaching in the Urban Middle School (grades 5-8)', 3),
(185, 'EDU-470', 'Student Teaching in the Urban High School (grades 9-12)', 3),
(186, 'EDU-475', 'Student Teaching in the Urban Infant-Toddler Classroom', 4),
(187, 'EDU-481', 'Urban Grades 1-6 Curriculum and Practicum', 3),
(188, 'EDU-483', 'Foundations of Teaching Reading in Urban Grades K-6', 8),
(189, 'EDU-484', 'Teaching and Assessing Children with Disabilities Birth-Grade 6', 4),
(190, 'EDU-485', 'Student Teaching in the Urban PreK-Kindergarten Classroom', 3),
(191, 'EDU-486', 'Teaching Math and Science In Urban Grades 1-3', 4),
(192, 'EDU-487', 'Methods of Teaching Reading in Urban Grades K-6', 3),
(193, 'EDU-490', 'Student Teaching in the Urban Primary Grades 1-3', 3),
(194, 'EDU-495', 'Student Teaching in the Urban Elementary School K-6', 3),
(195, 'EDU-600', 'Principles of Urban Education', 3),
(196, 'EDU-602', 'Assessing Learning in Urban Grades 5-12 - Advanced Theory and Practice', 3),
(197, 'EDU-606', 'Urban Middle School &amp; High School Methods -Advanced Theory and Practice', 3),
(198, 'EDU-610', 'Teaching &amp; Assessing Exceptional Urban Learners-Advanced Theory &amp; Practice', 1),
(199, 'EDU-614', 'Literacy Education in Urban Schools - Advanced Theory and Practice', 1),
(200, 'EDU-630', 'Historical, Cultural, and Philosophical Foundations of Urban Education', 1),
(201, 'EDU-635', 'Teaching Assessing ELL Students in Content-Advanced Theory and Practice', 2),
(202, 'EDU-650', 'Student Teaching in the Urban School', 3),
(203, 'EDU-651', 'Immigrants and Refugees in Urban Schools', 4),
(204, 'EDU-652', 'Theories and Methods of Language Learning', 4),
(205, 'EDU-656', 'Elementary ESL Practicum', 4),
(206, 'EDU-657', 'Middle School ESL Practicum', 4),
(207, 'EDU-658', 'High School ESL Practicum', 2),
(208, 'EDU-660I', 'Absent Narratives in Social Studies Secondary Curriculum', 2),
(209, 'EDU-692', 'Early Career Teacher Seminar', 2),
(210, 'EDU-698', 'Capstone: Conducting Research in Urban Classrooms, Schools and Communities', 5),
(211, 'ENTR-300', 'Interdisciplinary Business Skills and Knowledge for Non-Business Majors', 1),
(212, 'ENTR-365I', 'Entrepreneurship &amp; Business Creation', 4),
(213, 'ENTR-400', 'Innovative Mindset in a Diverse Economy', 4),
(214, 'ENTR-493', 'Finance for Entrepreneurs', 2),
(215, 'ENTR-495', 'Developing New Products and Services', 2),
(216, 'ENTR-496', 'Writing a Marketing Plan', 4),
(217, 'ESCI-320', 'Ecosystem and Global Ecology', 4),
(218, 'ESCI-469', 'Seminars in Environmental Science', 4),
(219, 'ETHS-100', 'Introduction to Ethnic Studies', 4),
(220, 'ETHS-200', 'Theories of Race, Ethnicity and Culture', 4),
(221, 'ETHS-232', 'American Indians in Minnesota', 4),
(222, 'ETHS-244', 'African Americans in Minnesota', 4),
(223, 'ETHS-250', 'Latino/Hispanic Cultural Competency: Introductory Concepts', 4),
(224, 'ETHS-302', 'Immigrant Communities and the Trajectories of Othering', 4),
(225, 'ETHS-304', 'Environmental Justice and Public Policy', 4),
(226, 'ETHS-305', 'Major Issues in U.S. Race Relations', 4),
(227, 'ETHS-306', 'Politics of Mixed Racial Identity', 4),
(228, 'ETHS-309', 'Race and Public Policy', 4),
(229, 'ETHS-311', 'Understanding Racial and Ethnic Groups in the United States', 4),
(230, 'ETHS-315', 'Color of Incarceration', 4),
(231, 'ETHS-318', 'Trauma and Traumascapes: Identity, Legacy, and Memory', 4),
(232, 'ETHS-324', 'Race, Identity, and the Internet', 4),
(233, 'ETHS-370', 'Black Thought', 4),
(234, 'ETHS-400', 'Applied Research for Social Change', 4),
(235, 'FIN-390', 'Principles of Finance', 4),
(236, 'FIN-392', 'Corporate Finance', 3),
(237, 'FIN-395', 'Principles of Real Estate', 4),
(238, 'FIN-511', 'Investment and Portfolio Analysis', 5),
(239, 'FIN-511G', 'Investment and Portfolio Analysis', 4),
(240, 'FIN-595', 'Advanced Corporate Finance', 3),
(241, 'FIN-595G', 'Advanced Corporate Finance', 4),
(242, 'FIN-601', 'Financial Management', 4),
(243, 'GEOG-201', 'Introduction to Geography', 4),
(244, 'GEOL-118', 'Environmental Geology', 3),
(245, 'GEOL-314', 'Earth Surface Environments', 3),
(246, 'GNDR-201', 'Introduction to Gender and Women\'s Studies', 4),
(247, 'GNDR-270', 'Gender, Race and Popular Culture', 4),
(248, 'GNDR-365', 'The Cultural Politics of LGBT Sexuality', 4),
(249, 'GNDR-367', 'Transgender Identities', 4),
(250, 'GNDR-375', 'Intersectionality', 4),
(251, 'HIST-101', 'The American Past: To 1865', 4),
(252, 'HIST-103', 'World History I: Patterns of Civilization to 1500', 4),
(253, 'HIST-301', 'Historical Interpretation', 4),
(254, 'HIST-305', 'U.S. Economic Life: Technology', 4),
(255, 'HIST-309', 'Women and Public Activism', 4),
(256, 'HIST-312', 'Beginnings of American Society: Colonial and Revolutionary History', 4),
(257, 'HIST-315', 'The Civil Rights Movement in the 1960s', 4),
(258, 'HIST-336', 'From Roosevelt to Reagan: American History, 1932-1980', 4),
(259, 'HIST-348', 'U.S. Legal History: A Survey', 4),
(260, 'HIST-363', 'World Environmental History', 4),
(261, 'HIST-383', 'Latin America History II: 1910 to Present', 4),
(262, 'HIST-391', 'The Crusades: Origins and Global Perspectives', 4),
(263, 'HIST-394', 'Comparative Women\'s History', 4),
(264, 'HIST-401', 'Topics Proseminar', 4),
(265, 'HRM-310', 'Human Resource Management: A Strategic Framework', 4),
(266, 'HRM-335', 'Understanding and Addressing Race in the Workplace', 4),
(267, 'HRM-370', 'Employment Law', 4),
(268, 'HRM-380', 'Managing Employee Health and Safety', 4),
(269, 'HRM-520', 'Staffing Organizations', 3),
(270, 'HRM-530', 'Employee Development and Training', 4),
(271, 'HRM-540', 'Compensation Management', 4),
(272, 'HRM-544', 'Employee Benefits Management', 4),
(273, 'HSA-362', 'Human Services Administration', 4),
(274, 'HSA-363', 'Program Planning, Budgeting, Proposal Writing and Funding', 4),
(275, 'HSA-369', 'Program Evaluation', 4),
(276, 'HSCD-100', 'Use of Addictive Drugs: An Introduction', 4),
(277, 'HSCD-200', 'Pharmacology of Addictive Drugs', 4),
(278, 'HSCD-300', 'Introduction to Substance Use Disorders', 4),
(279, 'HSCD-301', 'Substance Use and the Family', 1),
(280, 'HSCD-302', 'Assessment of Substance Use Disorders', 4),
(281, 'HSCD-303', 'Racial and Cultural Considerations for Alcohol and Drug Counseling', 4),
(282, 'HSCD-304', 'Substance Use and Native Americans', 4),
(283, 'HSCD-306', 'Prevention of Substance Use Problems', 4),
(284, 'HSCD-308', 'Adolescent Substance Use Disorders', 4),
(285, 'HSCD-309', 'Co-Occurring Disorders: Substance Use and Mental Health', 1),
(286, 'HSCD-320', 'Alcohol and Drug Counseling Pre-Practicum Seminar', 1),
(287, 'HSCD-353', 'Case Management for Alcohol and Drug Counseling', 2),
(288, 'HSCD-380', 'Alcohol and Drug Counseling Group Practicum I', 2),
(289, 'HSCD-390', 'Alcohol and Drug Counseling Group Practicum II', 3),
(290, 'HSCD-400', 'Best Practices in Drug and Alcohol Counseling', 3),
(291, 'HSCD-450', 'Senior Seminar: Alcohol and Drug Counseling', 2),
(292, 'HSCD-580G', 'Introduction to Counseling', 4),
(293, 'HSCD-590G', 'Introduction to Substance Use and Co-occurring Disorders', 2),
(294, 'HSCD-600', 'Foundations, Models and Evidence-Based Practices', 1),
(295, 'HSCD-603', 'Ethics and Professional Practice', 1),
(296, 'HSCD-610', 'Evidence-Based Group Counseling', 0),
(297, 'HSCD-611', 'Culturally Responsive and Anti-Oppressive Practice', 1),
(298, 'HSCD-631', 'Integrated Care: Treatment and Recovery Planning', 4),
(299, 'HSCD-635', 'Integrated Care: Advanced Practice', 3),
(300, 'HSCD-650', 'Evaluation and Utilization of Research', 2),
(301, 'HSCD-651', 'Master\'s Project Seminar', 3),
(302, 'HSCD-660I', 'EMDR and Trauma Work Preparation Skills for Counselors', 4),
(303, 'HSCD-680', 'Practicum Preparation', 4),
(304, 'HSCD-681', 'Practicum I', 0),
(305, 'HSCD-682', 'Practicum II', 1),
(306, 'HSCI-301', 'Understanding the U.S. Health System', 4),
(307, 'HSCI-309', 'Global Health Issues', 4),
(308, 'HSCI-330', 'Holistic Health and Healing', 4),
(309, 'HSCI-648', 'Designing for Quality in Health Care', 4),
(310, 'HSDS-304', 'Introduction to Disabilities', 4),
(311, 'HSDS-308', 'Aging and Disabilities', 4),
(312, 'HSER-002', 'Background Check Workshop', 4),
(313, 'HSER-320', 'Human Services Pre-Practicum Group Seminar', 4),
(314, 'HSER-331', 'Human Services Group Practicum and Seminar', 4),
(315, 'HSER-346', 'Counseling and Interviewing Skills', 4),
(316, 'HSER-348', 'Group Counseling', 4),
(317, 'HSER-351', 'Crisis Intervention/Caring for Trauma through the Lifecourse', 4),
(318, 'HSER-352', 'Family Counseling', 4),
(319, 'HSER-353', 'Human Services Case Planning and Methods', 4),
(320, 'HSER-354', 'Ethical Issues in Human Services', 4),
(321, 'HSER-355', 'Introduction to Human Services: History and Trends', 4),
(322, 'HSER-365I', 'Working with Groups', 4),
(323, 'HSER-368', 'Understanding and Using Research for the Practitioner', 4),
(324, 'HSER-395', 'Intersection of Race and Diversity in Human Services', 4),
(325, 'HSER-455', 'Human Services Capstone Seminar', 4),
(326, 'HSFS-338', 'Family: Racial, Gender and Class Dimensions', 4),
(327, 'HSFS-339', 'Issues and Actions in Family Policy', 4),
(328, 'HSFS-341', 'Work and Family', 4),
(329, 'HSFS-343', 'The Family: A Social/Psychological Exploration', 4),
(330, 'HSG-374', 'Aging in America: A Personal Challenge', 4),
(331, 'HSTD-390', 'Conflict Resolution', 4),
(332, 'HSTD-393', 'Organizational Training and Staff Development', 4),
(333, 'HSVP-301', 'Violence: Individual, Community and Global Responses', 4),
(334, 'HSVP-308', 'Family Violence Across the Lifespan', 4),
(335, 'HUM-101', 'The World of Ideas: Ancient and Medieval', 4),
(336, 'HUM-309', 'Ancient and Medieval Monsters', 4),
(337, 'HUM-316', 'Romanticism', 4),
(338, 'HUM-364', 'The Harlem Renaissance', 4),
(339, 'IBUS-311', 'International Business Environment and Operations', 4),
(340, 'IBUS-312', 'International Political Economy', 2),
(341, 'IBUS-350', 'Legal Aspects of International Business', 4),
(342, 'IBUS-490', 'Doing Business Internationally', 4),
(343, 'ICS-140', 'Computational Thinking with Programming', 4),
(344, 'ICS-141', 'Programming with Objects', 4),
(345, 'ICS-225', 'Web Design and Implementation', 4),
(346, 'ICS-232', 'Computer Organization and Architecture', 4),
(347, 'ICS-240', 'Introduction to Data Structures', 4),
(348, 'ICS-251', 'IT Work Skills', 4),
(349, 'ICS-311', 'Database Management Systems', 4),
(350, 'ICS-325', 'Internet Application Development', 4),
(351, 'ICS-340', 'Algorithms and Data Structures', 4),
(352, 'ICS-350I', 'Software Engineer Co Op Internship', 4),
(353, 'ICS-352', 'Machine Learning', 4),
(354, 'ICS-365', 'Organization of Programming Languages', 4),
(355, 'ICS-370', 'Software Design Models', 4),
(356, 'ICS-372', 'Object-Oriented Design and Implementation', 4),
(357, 'ICS-382', 'Computer Security', 4),
(358, 'ICS-383', 'Networking Protocols and Analysis', 4),
(359, 'ICS-411', 'Big Data Storage and Processing', 2),
(360, 'ICS-425', 'Client/Server Architectures', 4),
(361, 'ICS-440', 'Parallel and Distributed Algorithms', 2),
(362, 'ICS-460', 'Networks and Security', 4),
(363, 'ICS-462', 'Operating Systems', 4),
(364, 'ICS-482', 'Vulnerability Assessment and Penetration Testing', 4),
(365, 'ICS-499', 'Software Engineering and Capstone Project', 4),
(366, 'ICS-612', 'Database Security', 4),
(367, 'ICS-660I', 'MSCS Thesis Project', 4),
(368, 'ICS-690', 'Special Topics Computer Science:', 2),
(369, 'ICS-698', 'Research Seminar', 4),
(370, 'IDST-310', 'Principles of Civic Engagement', 3),
(371, 'IDST-370', 'Cinema, Self and Other', 4),
(372, 'IDST-490', 'Exploring Interdisciplinary Projects', 2),
(373, 'IDST-600', 'Research and Planning', 1),
(374, 'IDST-680', 'Research Methodologies and Research Ethics', 4),
(375, 'IDST-699', 'Individualized Studies Capstone', 3),
(376, 'INFS-115', 'Information Access', 4),
(377, 'INFS-315', 'Searching for Information', 4),
(378, 'LAED-440', 'Methods of Teaching Language Arts in Urban Grades K-6', 4),
(379, 'LAED-450', 'Teaching Language Arts in Urban Middle and High School', 4),
(380, 'LAWE-210', 'Procedural Studies in Law Enforcement', 3),
(381, 'LAWE-210L', 'Procedural Studies in Law Enforcement Lab', 4),
(382, 'LAWE-220', 'Legal Studies in Law Enforcement', 4),
(383, 'LAWE-280', 'Juvenile Justice', 3),
(384, 'LAWE-330', 'Policing and Society', 4),
(385, 'LAWE-339', 'Violent Crime Investigation', 4),
(386, 'LAWE-367', 'Exploring Forensic Science', 4),
(387, 'LAWE-431', 'Police Culture', 4),
(388, 'LING-111', 'Vocabulary Study', 4),
(389, 'LING-316', 'The Nature of Language', 4),
(390, 'LING-326', 'Language and Culture', 4),
(391, 'LIT-100', 'Introduction to Literature', 4),
(392, 'LIT-312', 'Women Writers', 4),
(393, 'LIT-315', 'Gender and Race in Literature and Film', 4),
(394, 'LIT-332', 'Adolescent Literatures', 1),
(395, 'LIT-341', 'American Literature: Beginnings-1870', 4),
(396, 'LIT-349', 'American Nature Writers', 4),
(397, 'LIT-361', 'African-American Literature', 4),
(398, 'LIT-362', 'Black Women Writers', 4),
(399, 'LIT-364', 'Literature by Immigrants of Color', 4),
(400, 'LIT-371', 'English Literature: Beginnings-1800', 4),
(401, 'LIT-377', 'Shakespeare', 4),
(402, 'LIT-400', 'Reflective&nbsp;Capstone', 4),
(403, 'LIT-480', 'Literature Capstone Seminar', 4),
(404, 'LIT-502', 'Literary Criticism: 1950-Present', 4),
(405, 'MAED-106', 'Math for Elementary Teachers', 4),
(406, 'MAED-440', 'Teaching Mathematics to Urban Learners in Grades K-8', 4),
(407, 'MAED-450', 'Teaching Mathematics to Urban Learners in Grades 5-12', 4),
(408, 'MAPL-610', 'Political Process and Public Policy', 4),
(409, 'MAPL-611', 'Political and Advocacy Leadership', 4),
(410, 'MAPL-612', 'Organizing and Communication for Advocacy', 4),
(411, 'MAPL-613', 'Policy Evaluation', 4),
(412, 'MAPL-621', 'Advocacy, Organizing and Lobbying in the Nonprofit Sector', 1),
(413, 'MAPL-640', 'Advocacy in the Public Sector: Service in the Elective Branch', 4),
(414, 'MAPL-650I', 'Masters in Advocacy and Political Leader Internship', 4),
(415, 'MAPL-661', 'Ethics in Policy, Politics and Advocacy', 4),
(416, 'MAPL-668', 'Topics: The Legal System and Public Policy', 4),
(417, 'MATH-098', 'Introduction to Mathematical Thinking', 2),
(418, 'MATH-110', 'Math for Liberal Arts', 4),
(419, 'MATH-115', 'College Algebra', 4),
(420, 'MATH-120', 'Precalculus', 2),
(421, 'MATH-200', 'Support Topics for Calculus I', 2),
(422, 'MATH-208', 'Applied Calculus', 4),
(423, 'MATH-210', 'Calculus I', 1),
(424, 'MATH-211', 'Calculus II', 4),
(425, 'MATH-215', 'Discrete Mathematics', 4),
(426, 'MATH-230', 'Introduction to Mathematical Modeling', 3),
(427, 'MATH-310', 'Calculus III: Multivariable Calculus', 1),
(428, 'MATH-315', 'Linear Algebra and Applications', 4),
(429, 'MATH-330', 'Optimization', 4),
(430, 'MATH-355', 'Introduction to Stochastic Processes', 4),
(431, 'MATH-360I', 'Modern Algebra II', 4),
(432, 'MATH-380', 'Preparing for MN Licensure Content Exam', 4),
(433, 'MATH-420', 'Numerical Analysis', 1),
(434, 'MATH-471', 'Abstract Algebra', 3),
(435, 'MATH-620', 'Stochastic Processes', 2),
(436, 'MATH-660I', 'Topics in Stochastic Processes', 3),
(437, 'MDST-363', 'Children, Adolescents and the Media', 4),
(438, 'MDST-370', 'Contemporary Cinema', 4),
(439, 'MDST-485', 'Communicating with New Media', 4),
(440, 'MDST-520', 'Digital Storytelling', 4),
(441, 'MDST-520G', 'Digital Storytelling', 4),
(442, 'METR-100', 'Getting Credit for What You Know', 4),
(443, 'METR-101', 'Your Academic Journey: Learning Community: Connect. Explore. Decide.', 2),
(444, 'METR-110', 'Reinventing Your Career: Theory and Practice', 4),
(445, 'MGMT-100', 'Introduction to Business', 4),
(446, 'MGMT-310', 'Management Principles and Practices', 4),
(447, 'MGMT-320', 'Organizational Behavior', 4),
(448, 'MGMT-340', 'Managing Quality', 4),
(449, 'MGMT-360', 'Managing a Diverse Workforce', 4),
(450, 'MGMT-370', 'Hotel and Restaurant Chain Management', 4),
(451, 'MGMT-499', 'Case Studies in Strategic Management', 4),
(452, 'MGMT-600', 'Practical Research Methods for Managers', 4),
(453, 'MGMT-620', 'Organizational Behavior and Leadership', 4),
(454, 'MGMT-699', 'Management: Strategy and Policy', 4),
(455, 'MIS-100', 'Fundamentals of Information Technology in Organizations', 4),
(456, 'MIS-310', 'Principles of Management Information Systems', 4),
(457, 'MIS-320', 'Information Systems Analysis and Design', 4),
(458, 'MIS-328', 'Applications Development I', 4),
(459, 'MIS-335', 'Management and Use of Databases', 2),
(460, 'MIS-350I', 'Logistics Coordinator Internship', 4),
(461, 'MIS-380', 'Business Intelligence and Analytics', 4),
(462, 'MIS-456', 'Supply Chain Information Systems', 4),
(463, 'MIS-462', 'Management of Distributed Computing', 4),
(464, 'MIS-467', 'Telecommunications and Internet Management', 2),
(465, 'MIS-480', 'Predictive Analytics', 4),
(466, 'MIS-499', 'MIS Capstone', 2),
(467, 'MIS-600', 'Management Information Systems', 4),
(468, 'MIS-653', 'Supply Chain Information Systems', 4),
(469, 'MIS-662', 'Management of Distributed Computing', 4),
(470, 'MIS-663', 'Strategic Management of Technology and Innovation', 4),
(471, 'MIS-671', 'Problem Formulation and Data Presentation', 4),
(472, 'MIS-680', 'Introduction to Information Assurance', 4),
(473, 'MIS-683', 'Process Analysis and Design', 2),
(474, 'MIS-687', 'Business Analytics', 2),
(475, 'MIS-694', 'Cyber Ethics', 4),
(476, 'MIS-699', 'Integrative Capstone Project', 4),
(477, 'MKTG-300', 'Marketing Principles', 4),
(478, 'MKTG-310', 'Consumer and Professional Buyer Behavior', 4),
(479, 'MKTG-343', 'Integrated Marketing Communications', 4),
(480, 'MKTG-348', 'Advertising Copywriting, Design and Production', 3),
(481, 'MKTG-420', 'Marketing Research', 4),
(482, 'MKTG-449', 'Fundamentals of Purchasing Management', 4),
(483, 'MKTG-451', 'Materials Management', 2),
(484, 'MKTG-455', 'Logistics in Supply Chain', 4),
(485, 'MKTG-480', 'International Marketing', 4),
(486, 'MKTG-490', 'Issues in Marketing', 4),
(487, 'MKTG-600', 'Marketing Management', 4),
(488, 'MKTG-642', 'Design and Management of Advertising Programs', 2),
(489, 'MKTG-6652', 'MEM: Supply Chain Management', 4),
(490, 'MLS-600', 'Introductory Seminar', 4),
(491, 'MLS-620', 'Master of Liberal Studies Explorations', 4),
(492, 'MPNA-600', 'Practical Research for Public Administration and Non-profit Management', 4),
(493, 'MPNA-620', 'Leading Public Service Organizations', 9),
(494, 'MPNA-635', 'Economic Reasoning for Public Administrators and Nonprofit Managers', 2),
(495, 'MPNA-660', 'Strategic Human Resources Management: Public and Nonprofit', 3),
(496, 'MPNA-695', 'Capstone in Community Oriented Management', 1),
(497, 'MPNA-699', 'Topics: Alternative Service Delivery Strategies', 5),
(498, 'MUSC-133', 'Class Guitar I', 1),
(499, 'MUSC-350I', 'Music Individual Internship', 2),
(500, 'NPM-600', 'Nonprofit Governance and Management', 2),
(501, 'NSCI-201', 'Minnesota Ecology and Conservation Biology', 1),
(502, 'NSCI-204', 'Environmental Science', 7),
(503, 'NURS-270', 'Health Promotion and the Role of the Professional Nurse', 2),
(504, 'NURS-275', 'Nutrition and the Role of the Professional Nurse', 3),
(505, 'NURS-301', 'Theoretical Foundations for Nursing Practice', 1),
(506, 'NURS-302', 'Introduction to Baccalaureate Nursing', 4),
(507, 'NURS-304', 'Fundamental Concepts of Professional Nursing', 3),
(508, 'NURS-306', 'Essential Concepts of Pharmacology I', 4),
(509, 'NURS-307', 'Integrative Nursing Care', 3),
(510, 'NURS-325', 'Health Assessment', 2),
(511, 'NURS-325L', 'Health Assessment', 4),
(512, 'NURS-361', 'Acute and Complex Care', 2),
(513, 'NURS-362', 'Applied Pathophysiology for Nursing II', 7),
(514, 'NURS-364', 'Nursing Leadership I', 3),
(515, 'NURS-405', 'Essential Concepts of Pharmacology III', 4),
(516, 'NURS-406', 'Nursing Care of the Family', 7),
(517, 'NURS-410', 'Applied Pathophysiology', 4),
(518, 'NURS-420', 'Lifespan Transitions: Aging and Health', 3),
(519, 'NURS-444', 'Evidence-Based Nursing Practice', 2),
(520, 'NURS-446', 'Nursing Informatics', 3),
(521, 'NURS-456', 'Community Health Nursing', 2),
(522, 'NURS-456P', 'Community Health Nursing Practicum', 2),
(523, 'NURS-459', 'Population Based Care', 1),
(524, 'NURS-460', 'Mental Health Nursing', 3),
(525, 'NURS-464', 'Nursing Leadership II', 1),
(526, 'NURS-490', 'Integrative Seminar and Practicum', 2),
(527, 'NURS-499', 'Special Topics in Nursing', 1),
(528, 'NURS-600P', 'Intensive Practicum II', 5),
(529, 'NURS-601', 'Nursing Science', 6),
(530, 'NURS-603', 'Advanced Integrative Nursing Care', 2),
(531, 'NURS-609', 'Pharmacology for Advanced Nursing Practice', 1),
(532, 'NURS-616', 'Health Assessment for Advanced Nursing Practice', 1),
(533, 'NURS-616L', 'Health Assessment for Advanced Nursing Practice Lab', 1),
(534, 'NURS-636', 'Labs and Diagnostics for Advanced Practice Nursing', 2),
(535, 'NURS-647', 'Leadership in Health Care Systems', 5),
(536, 'NURS-661', 'Principles of Anesthesia Practice I', 2),
(537, 'NURS-662', 'Principles of Anesthesia Practice II', 1),
(538, 'NURS-663', 'Professional Aspects of Anesthesia I', 4),
(539, 'NURS-664', 'Chemistry, Physics, and Math for Anesthesia Professionals', 3),
(540, 'NURS-665', 'Advanced Physiology and Pathophysiology for Nurse Anesthesia I', 3),
(541, 'NURS-666', 'Advanced Pharmacology for Nurse Anesthesia I', 2),
(542, 'NURS-667', 'Advanced Health Assessment for Nurse Anesthesia', 1),
(543, 'NURS-686', 'Instructional Design', 1),
(544, 'NURS-687', 'Anesthesia and Uncommon Diseases', 3),
(545, 'NURS-688P', 'Anesthesia Clinical Practicum III', 3),
(546, 'NURS-690P', 'Capstone Practicum', 4),
(547, 'NURS-696', 'Comprehensive Care Seminar', 4),
(548, 'NURS-699', 'Topics in Nursing', 4),
(549, 'NURS-703', 'Research Methodology and Advanced Evidence-Based Practice', 3),
(550, 'NURS-708', 'Epidemiology and Population Health', 4),
(551, 'NURS-723', 'Primary Care Nursing III: Pediatrics', 4),
(552, 'NURS-723P', 'Primary Care Nursing III Practicum', 4),
(553, 'NURS-741', 'Pre-Scholarship', 4),
(554, 'NURS-742', 'DNP Scholarship Project Assessment', 4),
(555, 'NURS-760', 'DNP Scholarship II', 4),
(556, 'NURS-770', 'DNP Scholarship III', 4),
(557, 'NURS-799', 'Topics in Nursing', 4),
(558, 'PADM-600', 'Public Administration Foundations', 4),
(559, 'PADM-650', 'Public Policy Analysis', 4),
(560, 'PADM-675', 'Public Finance', 4),
(561, 'PFIN-101', 'Personal Finance and Investing', 4),
(562, 'PHIL-100', 'Multicultural Introduction to Philosophy', 4),
(563, 'PHIL-102', 'Philosophy, Film and the Meaning of Life', 4),
(564, 'PHIL-204', 'Introduction to Symbolic Logic', 4),
(565, 'PHIL-301', 'Ethical Inquiry', 4),
(566, 'PHIL-306', 'Philosophy and Sexuality', 5),
(567, 'PHIL-310', 'Environmental Philosophy', 4),
(568, 'PHIL-320', 'Business Ethics', 4),
(569, 'PHIL-321', 'Medical Ethics', 4),
(570, 'PHIL-327', 'Ethics in the Information Age', 4),
(571, 'PHIL-360I', 'Nietzsche\'s Move Against Pessimism', 4),
(572, 'PHIL-366', 'Race and Racism: Philosophical Problems', 4),
(573, 'PHIL-378', 'Contemporary Epistemology and Metaphysics', 4),
(574, 'PHIL-660I', 'The Philosophy of Immanuel Kant', 4),
(575, 'PHYS-101', 'Introduction to Astronomy', 0),
(576, 'PHYS-105', 'Air, Weather and Climate', 4),
(577, 'PHYS-110', 'Introduction to Physics', 4),
(578, 'PHYS-211', 'Calculus Based Physics I', 4),
(579, 'POL-101', 'Introduction to American Government and Politics', 0),
(580, 'POL-301', 'Citizenship in a Global Context', 4),
(581, 'POL-303', 'Ethnic Conflict in Global Perspective', 3),
(582, 'POL-304', 'Social Movements in Global Perspective', 4),
(583, 'POL-305', 'Elections and Political Parties', 3),
(584, 'POL-321', 'Approaches to World Politics', 2),
(585, 'POL-331', 'Law and the Legal Process', 3),
(586, 'POL-381', 'Community Leadership: Principles and Approaches', 4),
(587, 'PRSP-002', 'College of Individualized Studies Degree Plan Updating Workshop', 4),
(588, 'PRSP-301', 'Perspectives: Educational Philosophy and Planning', 4),
(589, 'PRSP-301T', 'Perspectives: Educational Philosophy and Planning Theory Seminar', 4),
(590, 'PRSP-499', 'Capstone', 4),
(591, 'PSYC-020', 'Getting Credit for What You Know in Early Childhood', 4),
(592, 'PSYC-100', 'General Psychology', 4),
(593, 'PSYC-102', 'Dynamics of Parent/Child Relationships', 4),
(594, 'PSYC-106', 'Stress Management and Wellness', 4),
(595, 'PSYC-107', 'Career Planning and Development', 5),
(596, 'PSYC-200', 'Fundamentals of Psychological Science', 4),
(597, 'PSYC-212', 'Introduction to Diversity and Ethics in Psychology', 4),
(598, 'PSYC-300', 'Abnormal Psychology', 4),
(599, 'PSYC-301', 'Adolescent Psychology', 4),
(600, 'PSYC-302', 'Adult Development and Lifelong Learning', 4),
(601, 'PSYC-305', 'Behavior Disorders in Children', 4),
(602, 'PSYC-306', 'Child Abuse', 4),
(603, 'PSYC-307', 'Data/Statistical Analysis for the Behavioral Sciences', 4),
(604, 'PSYC-308', 'Child Psychology', 4),
(605, 'PSYC-309', 'Cognitive Psychology', 4),
(606, 'PSYC-311', 'Life Span Developmental Psychology', 4),
(607, 'PSYC-312', 'Research Methods', 4),
(608, 'PSYC-313', 'Family Systems', 4),
(609, 'PSYC-314', 'Group Dynamics and Facilitation', 4),
(610, 'PSYC-317', 'Human Factors', 4),
(611, 'PSYC-323', 'The Nature of Creativity: A Psychological Perspective', 5),
(612, 'PSYC-327', 'Psychological Testing', 4),
(613, 'PSYC-328', 'Psychology of African Americans', 4),
(614, 'PSYC-330', 'Psychology of Learning: Contemporary Theories and Applications', 2),
(615, 'PSYC-331', 'Psychology of Men', 3),
(616, 'PSYC-332', 'Psychology of Personality', 3),
(617, 'PSYC-333', 'Psychology of Victims', 1),
(618, 'PSYC-336', 'Social Psychology', 4),
(619, 'PSYC-337', 'Sports Psychology', 4),
(620, 'PSYC-340', 'Understanding Death and Dying', 4),
(621, 'PSYC-343', 'Drugs and Behavior: An Introduction to Behavioral Pharmacology', 4),
(622, 'PSYC-344', 'Industrial-Organizational Psychology', 4),
(623, 'PSYC-345', 'Biopsychology', 4),
(624, 'PSYC-346', 'Health Psychology', 4),
(625, 'PSYC-347', 'Positive Psychology', 4),
(626, 'PSYC-350I', 'Psychology Internship', 4),
(627, 'PSYC-353', 'Topics in Early Childhood: Raising Children in the Digital Age', 4),
(628, 'PSYC-356', 'Early Childhood Development within a Social/Cultural and Historical Context', 4),
(629, 'PSYC-357', 'Observing and Assessing Young Children: Birth Through Age Five', 4),
(630, 'PSYC-360', 'Update on Adult Psychiatirc Medications: What Therapists Need to Know', 1),
(631, 'PSYC-363', 'Community Psychology', 3),
(632, 'PSYC-367', 'Human Sexuality', 4),
(633, 'PSYC-368', 'Psychology of the LGBTQ Community', 4),
(634, 'PSYC-370', 'Political Psychology', 4),
(635, 'PSYC-381', 'The American Male', 4),
(636, 'PSYC-385', 'Educational Psychology', 4),
(637, 'PSYC-387', 'Environmental Psychology', 1),
(638, 'PSYC-392', 'Psychology and Education of the Gifted', 4),
(639, 'PSYC-395', 'Coaching Psychology', 4),
(640, 'PSYC-397', 'Developmental Disabilities: Issues, Concepts and Problem Solving', 4),
(641, 'PSYC-399', 'Applied Psychology Research Internship', 4),
(642, 'PSYC-405', 'History and Systems of Psychology', 4),
(643, 'PSYC-406', 'Introduction to Clinical Psychology', 4),
(644, 'PSYC-407', 'Professional and Career Applications of Psychology', 4),
(645, 'PSYC-408', 'Application of Knowledge in Psychology', 4),
(646, 'PSYC-415', 'Principles of Teaching and Learning in Early Childhood', 4),
(647, 'PSYC-417', 'Language and Communication Development in Early Childhood Education', 4),
(648, 'PSYC-421', 'Children and Nature', 4),
(649, 'PSYC-425', 'Administration of Early Childhood Programs I', 4),
(650, 'PSYC-508', 'Mental Health and the Law', 4),
(651, 'PSYC-560', 'Update on Adult Psychiatric Medications: What Therapists Need to Know', 4),
(652, 'RDNG-112', 'The Educated Reader: Analytical Reading', 4),
(653, 'RELS-301', 'Introduction to Religious Studies', 3),
(654, 'RELS-304', 'Introduction to World Religions', 4),
(655, 'RELS-306', 'The Spiritual Journey', 4),
(656, 'RELS-308', 'World of Islam', 4),
(657, 'RELS-312', 'Religious Traditions of China', 4),
(658, 'RMI-300', 'Risk Management and Insurance', 4),
(659, 'SCED-440', 'Science Curriculum and Differentiated Instruction in Urban Grades K-6', 4),
(660, 'SCED-450', 'Science Methods for Urban Grades 5-12 Classrooms and Lab', 4),
(661, 'SCRW-313', 'Beginning Screenwriting', 1),
(662, 'SCRW-314', 'New Screenplay Forms', 4),
(663, 'SCRW-315', 'Film Production and Editing I', 4),
(664, 'SCRW-350I', 'Screenwriting Individual Internship', 4),
(665, 'SCRW-360I', 'Structured Game Development II', 4),
(666, 'SCRW-383', 'Writing For Video Games', 4),
(667, 'SCRW-416', 'Projects in Screenwriting', 4),
(668, 'SOC-101', 'Introduction to Sociology', 4),
(669, 'SOC-301', 'Contemporary Sociology', 4),
(670, 'SOC-302', 'Interpersonal and Social Power: A View from Below', 1),
(671, 'SOC-303', 'Ethnic Conflict in Global Perspective', 1),
(672, 'SOC-304', 'Social Movements in Global Perspective', 3),
(673, 'SOC-306', 'Deviance and Social Control', 4),
(674, 'SOC-309', 'Homelessness: Critical Issues for Policy and Practice', 4),
(675, 'SOC-329', 'Race and Ethnicity: Sociological and Anthropological Perspectives', 4),
(676, 'SOC-360I', 'Writing in Social Science', 3),
(677, 'SOC-381', 'Community Leadership: Principles and Approaches', 1),
(678, 'SOWK-109', 'Introduction to Social Work', 3),
(679, 'SOWK-165I', 'Field Experience in Social Work', 5),
(680, 'SOWK-321', 'Social Work Practice I', 5),
(681, 'SOWK-333', 'Human Behavior in the Social Environment', 4),
(682, 'SOWK-341', 'Comparative Racial/Ethnic Analysis I', 4),
(683, 'SOWK-351', 'Social Research', 4),
(684, 'SOWK-360', 'Social Welfare History and Policy', 4),
(685, 'SOWK-365I', 'Human Behavior in the Social Environment', 3),
(686, 'SOWK-381', 'Community Learning Center Seminar', 4),
(687, 'SOWK-391', 'Community Learning Center Practicum', 4),
(688, 'SOWK-522', 'Social Work Practice II', 4),
(689, 'SOWK-542', 'Comparative Racial/Ethnic Analysis II', 4),
(690, 'SOWK-552', 'Community Research and Advocacy', 1),
(691, 'SOWK-582', 'Social Work Capstone Seminar', 5),
(692, 'SOWK-583', 'Analysis Application of Social Work Knowledge and Skills', 4),
(693, 'SOWK-584', 'Multicultural Child Welfare Field Seminar', 3),
(694, 'SOWK-591', 'Social Work Senior Practicum', 4),
(695, 'SOWK-592', 'Multicultural Child Welfare Senior Practicum', 4),
(696, 'SPAN-101', 'Beginning Spanish I', 4),
(697, 'SPAN-102', 'Beginning Spanish II', 4),
(698, 'SPAN-201', 'Intermediate Spanish I', 4),
(699, 'SPAN-202', 'Intermediate Spanish II', 2),
(700, 'SPED-606', 'Characteristics of Diverse Urban Learners with Mild/Moderate Disabilities', 4),
(701, 'SPED-609', 'Interventions: Mild Disabilities', 4),
(702, 'SPED-650', 'Advanced Urban Special Education Teaching Practicum', 4),
(703, 'SSCI-100', 'Intro to Social Science: Learning Community: Connect. Explore. Decide.', 4),
(704, 'SSCI-300', 'Seeing Like a Social Scientist', 1),
(705, 'SSCI-311', 'Research Methods in Social Science', 4),
(706, 'SSCI-360I', 'Hannah\'s Arendt\'s Political Theory', 1),
(707, 'SSCI-451', 'Empirical Research Capstone', 0),
(708, 'SSCI-501', 'Great Ideas: Classics of Social Science', 0),
(709, 'SSED-440', 'Social Studies Curriculum and Differentiated Methods in Urban Grades K-6', 4),
(710, 'SSED-450', 'Teaching Social Studies in Urban Grades 5-12', 5),
(711, 'STAT-201', 'Statistics I', 3),
(712, 'STAT-311', 'Regression Analysis', 3),
(713, 'STAT-411', 'Time Series Analysis and Forecasting', 3),
(714, 'STAT-621', 'Advanced Biostatistics in Health Research', 3),
(715, 'STAT-660I', 'Text Analysis using R and Python', 3),
(716, 'THEA-321', 'Directed Readings in Theater', 2),
(717, 'THEA-331', 'Voice: Speaking from Experience', 4),
(718, 'THEA-345', 'Acting III', 2),
(719, 'THEA-350I', 'Theater Individual Internship', 2),
(720, 'THEA-351', 'Production and Performance Laboratory', 1),
(721, 'THEA-400', 'Playwriting I', 4),
(722, 'THEA-441', 'Career and Portfolio Seminar', 4),
(723, 'THEA-540', 'Directing and Creating Theater', 2),
(724, 'UMET-100', 'University Topics: Epidemiology in Society', 4),
(725, 'WKSP-002', 'Online Orientation for New Students', 4),
(726, 'WKSP-GRAD', 'Graduation Requirements', 4),
(727, 'WRIT-101', 'Intro to College Writing: Learning Community: Connect. Explore. Decide.', 4),
(728, 'WRIT-121', 'Writing I Intensive: Learning Community', 4),
(729, 'WRIT-131', 'Writing I', 4),
(730, 'WRIT-231', 'Writing II', 4),
(731, 'WRIT-251', 'Introduction to Creative Writing', 4),
(732, 'WRIT-261', 'Business Writing', 5),
(733, 'WRIT-271', 'Technical Writing', 4),
(734, 'WRIT-280', 'Digital Tools for Writing and Communication', 4),
(735, 'WRIT-300', 'Creative Writers, Identity and Race in the Twin Cities', 4),
(736, 'WRIT-301', 'Professional and Technical Writing Careers', 4),
(737, 'WRIT-302', 'Content Strategy', 4),
(738, 'WRIT-330', 'APA Documentation Basics', 4),
(739, 'WRIT-331', 'Writing in Your Major: Focus on Nursing', 1),
(740, 'WRIT-344', 'Writing for Publication and Profit', 4),
(741, 'WRIT-350I', 'Professional Writing Internship', 4),
(742, 'WRIT-353', 'Writing Short Fiction', 4),
(743, 'WRIT-355', 'Writing Children\'s Literature', 0),
(744, 'WRIT-357', 'Writers as Readers', 0),
(745, 'WRIT-358', '1000 Words or Less', 0),
(746, 'WRIT-371', 'Editing', 0),
(747, 'WRIT-373', 'Writing and Designing for the Web I', 0),
(748, 'WRIT-375', 'Environmental Communication', 0),
(749, 'WRIT-461', 'Writing and Technical Communication Capstone', 0),
(750, 'WRIT-481', 'Advanced Creative Writing', 0),
(751, 'WRIT-532', 'Writing about Place', 0),
(752, 'WRIT-532G', 'Writing about Place', 0),
(753, 'WRIT-574', 'Usability and User Experience', 0),
(754, 'WRIT-574G', 'Usability and User Experience', 0),
(755, 'WRIT-583', 'Writing Major Projects', 0),
(756, 'WRIT-583G', 'Writing Major Projects', 0),
(757, 'WRIT-660I', 'Topics in Stochastic Processes', 0),
(758, 'WRIT-671', 'Technical Communication Theory and Research Seminar', 0),
(759, 'WRIT-673', 'Technical Communication in International Contexts', 0),
(760, 'WRIT-676', 'Advanced Writing and Designing for the Web', 0);

-- --------------------------------------------------------

--
-- Table structure for table `majors`
--

CREATE TABLE `majors` (
  `id` int(11) NOT NULL,
  `name` varchar(255) NOT NULL
) ENGINE=InnoDB DEFAULT CHARSET=utf8mb4;

--
-- Dumping data for table `majors`
--

INSERT INTO `majors` (`id`, `name`) VALUES
(1, 'Accounting BS'),
(2, 'Adult Basic Education Certificate'),
(3, 'Advanced Dental Therapy MSADT'),
(4, 'Advertising Minor'),
(5, 'Advocacy and Leadership Track, Social Science BA'),
(6, 'Advocacy and Political Leadership MAPL'),
(7, 'Aging Studies/Gerontology Minor'),
(8, 'Alcohol and Drug Counseling BS'),
(9, 'Alcohol and Drug Recovery Counseling MS'),
(10, 'Anthropology Minor'),
(11, 'Anthropology Track, Social Science BA'),
(12, 'Applied Statistics Minor'),
(13, 'Biochemistry BS'),
(14, 'Biology BA'),
(15, 'Biology BS'),
(16, 'Biology Minor'),
(17, 'Business Administration BS'),
(18, 'Business Administration DBA'),
(19, 'Business Administration MBA'),
(20, 'Business Administration Minor'),
(21, 'Business Analytics GCERT'),
(22, 'Business Analytics Minor'),
(23, 'Chemistry BS'),
(24, 'Chemistry Minor'),
(25, 'Child Psychology Minor'),
(26, 'Civic Engagement Minor'),
(27, 'Co-occurring Disorders Recovery Counseling MS'),
(28, 'Community and Applied Social Psychology Minor'),
(29, 'Community Organizing and Development Minor'),
(30, 'Computer Application Development BAS'),
(31, 'Computer Forensics BAS'),
(32, 'Computer Forensics Minor'),
(33, 'Computer Forensics Post-baccalaureate UCERT'),
(34, 'Computer Information Technology BS'),
(35, 'Computer Science BS'),
(36, 'Computer Science MS'),
(37, 'Computer Science PSM'),
(38, 'Creative Writing BA'),
(39, 'Creative Writing Minor'),
(40, 'Criminal Justice BA'),
(41, 'Criminal Justice Minor'),
(42, 'Criminal Justice MS'),
(43, 'Cyber Operations MS'),
(44, 'Cybersecurity  Post-baccalaureate UCERT'),
(45, 'Cybersecurity BS'),
(46, 'Cybersecurity Minor'),
(47, 'Data Science BS'),
(48, 'Database Administration GCERT'),
(49, 'Dental hygiene BSDH'),
(50, 'Design of User Experience GCERT'),
(51, 'Design of User Experience Minor'),
(52, 'Digital Media Minor'),
(53, 'Disability Studies Minor'),
(54, 'Early Childhood Studies BAS'),
(55, 'Economics BS'),
(56, 'Economics Minor'),
(57, 'Educational Psychology Minor'),
(58, 'Electronic Discovery Minor'),
(59, 'English as a Second Language Minor'),
(60, 'English BA'),
(61, 'English for Teaching BS'),
(62, 'English Minor'),
(63, 'Entrepreneurship and Innovation BS'),
(64, 'Entrepreneurship and Innovation Minor'),
(65, 'Environmental Communication Minor'),
(66, 'Environmental Science BS'),
(67, 'Ethnic Studies BA'),
(68, 'Ethnic Studies Minor'),
(69, 'Evidence-Based Practices in Corrections Certificate'),
(70, 'Family Nurse Practitioner DNP'),
(71, 'Family Studies Minor'),
(72, 'Finance BS'),
(73, 'Game Studies Minor'),
(74, 'Gender Studies BA'),
(75, 'Gender Studies Minor'),
(76, 'Generalist Track, Social Science BA'),
(77, 'Global Studies Track, Social Science BA'),
(78, 'Global Supply Chain Management GCERT'),
(79, 'Health System Studies BS'),
(80, 'History BA'),
(81, 'History Minor'),
(82, 'Human Resource Management BS'),
(83, 'Human Resource Management Minor'),
(84, 'Human Services BS'),
(85, 'Human Services Family Studies BHS'),
(86, 'Human Services Leadership and Administration BHS'),
(87, 'Humanities Minor'),
(88, 'Individualized Studies BA'),
(89, 'Industrial & Applied Mathematics BS'),
(90, 'Industrial & Applied Mathematics Minor'),
(91, 'Industrial and Organizational Psychology Minor'),
(92, 'Information Assurance and Information Technology Security GCERT'),
(93, 'Information Assurance BAS'),
(94, 'International Business BS'),
(95, 'International Business Minor'),
(96, 'Law Enforcement BS Track 1'),
(97, 'Law Enforcement BS Track 2'),
(98, 'Law Enforcement BS: Major for Licensed Peace Officers Track 3 '),
(99, 'Law Enforcement Licensing Certificate UCERT'),
(100, 'Liberal Arts BA'),
(101, 'Liberal Studies MA'),
(102, 'Life Sciences Teaching BS'),
(103, 'Management BS'),
(104, 'Management Information Systems BS'),
(105, 'Management Information Systems Generalist GCERT'),
(106, 'Management Information Systems Minor'),
(107, 'Marketing BS'),
(108, 'Master of Arts and Master of Science in Individualized Studies'),
(109, 'Master of Nonprofit Leadership and Management MNLM'),
(110, 'Master of Public Administration MPA'),
(111, 'Master of Public and Nonprofit Administration MPNA'),
(112, 'Master of Science in Management Information Systems MS in MIS'),
(113, 'Mathematics BA'),
(114, 'Mathematics GCERT'),
(115, 'Mathematics Teaching BS'),
(116, 'Media Literacy Minor'),
(117, 'Media Studies'),
(118, 'Mental Health Psychology Minor'),
(119, 'Nurse Anesthetist DNP'),
(120, 'Nurse Anesthetist MSN'),
(121, 'Nursing Entry Level MSN'),
(122, 'Nursing MANE BSN'),
(123, 'Nursing RN to BSN'),
(124, 'Organizational Administration BAS'),
(125, 'Organizational Communication Minor'),
(126, 'Philosophy BA'),
(127, 'Philosophy Minor'),
(128, 'Physics Minor'),
(129, 'Political Science Minor'),
(130, 'Political Science Track, Social Science BA'),
(131, 'Practical Ethics Minor'),
(132, 'Professional Communication BA: Organizational Communication Track '),
(133, 'Professional Communication BA: Public Relations Track '),
(134, 'Project Management GCERT'),
(135, 'Project Management Minor'),
(136, 'Psychology BA'),
(137, 'Psychology MA'),
(138, 'Psychology Minor'),
(139, 'Public Relations Minor'),
(140, 'Religious Studies Minor'),
(141, 'Research and Information Studies Minor'),
(142, 'Risk Management and Insurance Minor'),
(143, 'Screenwriting BA'),
(144, 'Screenwriting Minor'),
(145, 'Social Science BA'),
(146, 'Social Studies for Teaching BS'),
(147, 'Social Work'),
(148, 'Sociology Minor'),
(149, 'Sociology Track, Social Science BA'),
(150, 'Studio Arts BA'),
(151, 'Studio Arts Minor'),
(152, 'Substance Use Disorders Post-baccalaureate UCERT'),
(153, 'Supply Chain and Operations Management BS'),
(154, 'Supply Chain and Operations Management Minor'),
(155, 'Systems Analysis GCERT'),
(156, 'Technical Communication and Professional Writing BA'),
(157, 'Technical Communication Minor'),
(158, 'Technical Communication MS'),
(159, 'Theater BA'),
(160, 'Theater Minor'),
(161, 'Transportation Management Concentration (Indiv BA)'),
(162, 'Urban Early Childhood Education BS for Birth-Grade 3 Licensure '),
(163, 'Urban Education MS: Curriculum, Pedagogy and Schooling concentration'),
(164, 'Urban Education MS: English as a Second Language Concentration'),
(165, 'Urban Education MS: Secondary Education Teacher Preparation Concentration for English Teaching'),
(166, 'Urban Education MS: Secondary Education Teacher Preparation Concentration for Mathematics Teaching'),
(167, 'Urban Education MS: Secondary Education Teacher Preparation Concentration for Social Studies Teaching'),
(168, 'Urban Education MS: Secondary Education Teacher Preparation for Life Sciences Teaching Concentration'),
(169, 'Urban Education MS: Special Education concentration'),
(170, 'Urban Elementary Education BS for K-Grade 6 Licensure'),
(171, 'Urban Secondary Education Licensure'),
(172, 'Violence Prevention and Intervention Minor');

-- --------------------------------------------------------

--
-- Table structure for table `majors_courses`
--

CREATE TABLE `majors_courses` (
  `major_id` int(11) NOT NULL,
  `course_id` int(11) NOT NULL
) ENGINE=InnoDB DEFAULT CHARSET=utf8mb4;

--
-- Dumping data for table `majors_courses`
--

INSERT INTO `majors_courses` (`major_id`, `course_id`) VALUES
(1, 2),
(1, 149),
(1, 150),
(1, 419),
(1, 455),
(1, 711),
(1, 142),
(1, 235),
(1, 446),
(1, 456),
(1, 477),
(1, 3),
(1, 4),
(1, 5),
(1, 6),
(1, 7),
(1, 8),
(1, 9),
(1, 10),
(1, 451),
(1, 53),
(3, 134),
(3, 136),
(3, 137),
(3, 309),
(4, 477),
(4, 478),
(4, 479),
(4, 480),
(4, 747),
(5, 670),
(5, 704),
(5, 705),
(5, 708),
(5, 707),
(5, 583),
(5, 674),
(5, 586),
(5, 677),
(6, 408),
(6, 409),
(6, 410),
(6, 411),
(6, 414),
(6, 412),
(6, 415),
(6, 416),
(6, 413),
(6, 415),
(6, 416),
(6, 412),
(6, 415),
(6, 416),
(7, 330),
(8, 277),
(8, 278),
(8, 281),
(8, 280),
(8, 283),
(8, 315),
(8, 287),
(8, 323),
(8, 316),
(8, 285),
(8, 290),
(8, 291),
(8, 286),
(8, 288),
(8, 289),
(8, 284),
(8, 279),
(8, 282),
(8, 320),
(8, 621),
(9, 292),
(9, 293),
(9, 294),
(9, 300),
(9, 295),
(9, 296),
(9, 297),
(9, 298),
(9, 301),
(9, 304),
(9, 305),
(10, 12),
(10, 13),
(10, 14),
(11, 13),
(11, 14),
(11, 704),
(11, 705),
(11, 708),
(11, 707),
(12, 711),
(12, 712),
(12, 127),
(12, 713),
(12, 60),
(12, 142),
(12, 349),
(12, 459),
(12, 461),
(12, 481),
(13, 419),
(13, 420),
(13, 65),
(13, 66),
(13, 32),
(13, 67),
(13, 68),
(13, 578),
(13, 711),
(13, 422),
(13, 423),
(13, 424),
(13, 42),
(13, 71),
(13, 72),
(13, 69),
(13, 70),
(13, 73),
(13, 75),
(13, 76),
(13, 77),
(13, 79),
(13, 74),
(13, 41),
(14, 419),
(14, 420),
(14, 32),
(14, 33),
(14, 65),
(14, 66),
(14, 34),
(14, 422),
(14, 711),
(14, 577),
(14, 578),
(14, 41),
(14, 42),
(14, 43),
(14, 44),
(14, 45),
(14, 47),
(14, 48),
(14, 217),
(14, 49),
(14, 50),
(14, 51),
(14, 52),
(15, 419),
(15, 420),
(15, 32),
(15, 33),
(15, 65),
(15, 66),
(15, 34),
(15, 67),
(15, 68),
(15, 578),
(15, 422),
(15, 423),
(15, 424),
(15, 71),
(15, 72),
(15, 41),
(15, 42),
(15, 43),
(15, 44),
(15, 45),
(15, 47),
(15, 48),
(15, 217),
(15, 49),
(15, 50),
(15, 51),
(15, 52),
(16, 419),
(16, 420),
(16, 32),
(16, 33),
(16, 34),
(16, 65),
(16, 66),
(17, 455),
(17, 419),
(17, 711),
(17, 149),
(17, 150),
(17, 2),
(17, 142),
(17, 235),
(17, 446),
(17, 456),
(17, 477),
(17, 5),
(17, 54),
(17, 447),
(17, 449),
(17, 451),
(18, 129),
(18, 130),
(19, 2),
(19, 149),
(19, 150),
(19, 158),
(19, 711),
(19, 11),
(19, 148),
(19, 159),
(19, 242),
(19, 452),
(19, 453),
(19, 487),
(19, 467),
(19, 146),
(19, 147),
(19, 239),
(19, 241),
(19, 148),
(19, 454),
(20, 419),
(20, 150),
(20, 711),
(20, 2),
(20, 235),
(20, 446),
(20, 477),
(21, 467),
(21, 471),
(21, 474),
(22, 711),
(22, 456),
(22, 127),
(22, 461),
(22, 465),
(22, 459),
(22, 712),
(23, 419),
(23, 420),
(23, 65),
(23, 66),
(23, 423),
(23, 424),
(23, 67),
(23, 68),
(23, 578),
(23, 71),
(23, 72),
(23, 73),
(23, 69),
(23, 70),
(23, 76),
(23, 74),
(23, 75),
(23, 77),
(23, 78),
(23, 80),
(24, 419),
(24, 420),
(24, 65),
(24, 66),
(24, 67),
(24, 68),
(24, 73),
(24, 69),
(24, 70),
(24, 71),
(24, 72),
(24, 75),
(24, 76),
(24, 77),
(24, 78),
(24, 80),
(25, 592),
(25, 604),
(25, 614),
(25, 612),
(25, 636),
(25, 628),
(25, 593),
(25, 601),
(25, 602),
(25, 597),
(25, 608),
(25, 630),
(27, 292),
(27, 293),
(27, 294),
(27, 295),
(27, 297),
(27, 300),
(27, 296),
(27, 298),
(27, 299),
(27, 301),
(27, 304),
(27, 305),
(28, 592),
(28, 618),
(28, 631),
(28, 609),
(28, 622),
(28, 624),
(28, 625),
(28, 634),
(28, 637),
(28, 607),
(30, 419),
(30, 420),
(30, 425),
(30, 343),
(30, 344),
(30, 345),
(30, 348),
(30, 349),
(30, 355),
(30, 350),
(30, 360),
(30, 352),
(31, 711),
(31, 422),
(31, 423),
(31, 425),
(31, 343),
(31, 56),
(31, 57),
(31, 58),
(31, 81),
(31, 84),
(31, 382),
(31, 60),
(31, 118),
(31, 61),
(31, 59),
(31, 121),
(31, 53),
(31, 54),
(31, 90),
(31, 96),
(31, 385),
(31, 568),
(31, 570),
(31, 580),
(31, 585),
(31, 89),
(32, 343),
(32, 56),
(32, 57),
(32, 58),
(32, 61),
(32, 59),
(32, 60),
(32, 118),
(32, 121),
(32, 349),
(32, 350),
(32, 53),
(32, 54),
(32, 89),
(32, 90),
(32, 585),
(32, 96),
(32, 568),
(32, 570),
(33, 343),
(33, 56),
(33, 57),
(33, 58),
(33, 61),
(33, 59),
(33, 60),
(33, 118),
(33, 121),
(33, 349),
(33, 350),
(33, 53),
(33, 54),
(33, 89),
(33, 90),
(33, 585),
(33, 96),
(33, 568),
(33, 570),
(34, 419),
(34, 420),
(34, 425),
(34, 343),
(34, 344),
(34, 345),
(34, 711),
(34, 56),
(34, 57),
(34, 349),
(34, 118),
(34, 355),
(34, 365),
(34, 350),
(34, 360),
(35, 420),
(35, 425),
(35, 343),
(35, 344),
(35, 346),
(35, 347),
(35, 422),
(35, 423),
(35, 349),
(35, 351),
(35, 354),
(35, 356),
(35, 361),
(35, 362),
(35, 363),
(35, 365),
(36, 361),
(36, 362),
(36, 363),
(36, 366),
(36, 368),
(36, 369),
(36, 367),
(37, 366),
(37, 369),
(37, 146),
(37, 147),
(37, 148),
(37, 369),
(37, 759),
(37, 368),
(37, 367),
(38, 731),
(38, 742),
(38, 744),
(38, 745),
(38, 746),
(38, 750),
(38, 377),
(38, 440),
(38, 735),
(38, 740),
(38, 742),
(38, 743),
(38, 745),
(38, 750),
(38, 751),
(38, 755),
(39, 731),
(39, 440),
(39, 441),
(39, 735),
(39, 740),
(39, 742),
(39, 743),
(39, 744),
(39, 745),
(39, 750),
(39, 661),
(39, 662),
(39, 721),
(40, 81),
(40, 82),
(40, 84),
(40, 85),
(40, 86),
(40, 89),
(40, 90),
(40, 384),
(40, 93),
(40, 96),
(40, 92),
(40, 100),
(40, 101),
(40, 91),
(40, 92),
(40, 95),
(40, 97),
(40, 98),
(40, 99),
(40, 383),
(40, 385),
(40, 386),
(40, 387),
(41, 81),
(41, 82),
(41, 90),
(41, 85),
(41, 89),
(41, 384),
(41, 85),
(41, 89),
(41, 91),
(41, 92),
(41, 95),
(41, 97),
(41, 98),
(41, 99),
(41, 384),
(41, 385),
(41, 386),
(41, 387),
(43, 122),
(43, 123),
(43, 124),
(43, 125),
(43, 126),
(43, 126),
(43, 126),
(43, 475),
(43, 126),
(44, 118),
(44, 121),
(44, 120),
(44, 362),
(44, 60),
(44, 61),
(45, 419),
(45, 420),
(45, 425),
(45, 343),
(45, 344),
(45, 56),
(45, 57),
(45, 348),
(45, 711),
(45, 346),
(45, 347),
(45, 349),
(45, 118),
(45, 120),
(45, 121),
(45, 60),
(45, 61),
(45, 350),
(46, 118),
(46, 121),
(46, 120),
(46, 362),
(46, 60),
(46, 61),
(47, 343),
(47, 711),
(47, 425),
(47, 127),
(47, 712),
(47, 428),
(47, 344),
(47, 347),
(47, 349),
(47, 353),
(47, 461),
(47, 465),
(47, 713),
(47, 351),
(47, 359),
(47, 456),
(47, 457),
(47, 459),
(47, 128),
(48, 467),
(48, 146),
(48, 468),
(48, 472),
(48, 473),
(49, 132),
(49, 133),
(49, 711),
(49, 739),
(49, 569),
(50, 754),
(50, 471),
(50, 487),
(50, 488),
(51, 754),
(51, 345),
(51, 605),
(51, 747),
(52, 734),
(52, 19),
(52, 20),
(52, 440),
(52, 661),
(52, 663),
(52, 666),
(52, 439),
(52, 737),
(52, 747),
(52, 741),
(53, 310),
(53, 311),
(54, 592),
(54, 604),
(54, 628),
(54, 629),
(54, 166),
(54, 646),
(54, 647),
(54, 169),
(54, 171),
(54, 173),
(54, 593),
(54, 601),
(54, 602),
(54, 627),
(54, 648),
(54, 649),
(54, 649),
(55, 455),
(55, 151),
(55, 423),
(55, 422),
(55, 711),
(55, 149),
(55, 150),
(55, 155),
(55, 156),
(55, 152),
(55, 153),
(55, 154),
(55, 157),
(55, 2),
(55, 156),
(55, 157),
(55, 235),
(55, 152),
(55, 153),
(55, 154),
(55, 155),
(55, 142),
(55, 481),
(56, 149),
(56, 150),
(56, 151),
(56, 152),
(56, 153),
(56, 154),
(56, 155),
(56, 156),
(56, 157),
(57, 636),
(57, 592),
(57, 614),
(57, 612),
(57, 638),
(57, 601),
(57, 599),
(57, 597),
(57, 608),
(57, 646),
(57, 630),
(57, 629),
(58, 59),
(58, 61),
(58, 6),
(58, 53),
(58, 54),
(58, 55),
(58, 89),
(58, 211),
(58, 265),
(58, 267),
(58, 273),
(58, 287),
(58, 377),
(58, 385),
(58, 446),
(58, 459),
(58, 570),
(58, 585),
(59, 160),
(59, 161),
(59, 389),
(59, 177),
(59, 179),
(59, 180),
(59, 175),
(59, 188),
(59, 181),
(59, 182),
(59, 183),
(60, 729),
(60, 395),
(60, 400),
(60, 392),
(60, 393),
(60, 398),
(60, 397),
(60, 398),
(60, 399),
(60, 338),
(60, 401),
(60, 404),
(60, 403),
(61, 102),
(61, 728),
(61, 729),
(61, 730),
(61, 732),
(61, 733),
(61, 394),
(61, 731),
(61, 739),
(61, 389),
(61, 390),
(61, 392),
(61, 397),
(61, 398),
(61, 399),
(61, 395),
(61, 400),
(61, 401),
(61, 105),
(61, 106),
(61, 109),
(61, 110),
(61, 402),
(62, 395),
(62, 400),
(62, 389),
(62, 392),
(62, 393),
(62, 398),
(62, 397),
(62, 398),
(62, 399),
(62, 337),
(62, 338),
(63, 455),
(63, 419),
(63, 711),
(63, 149),
(63, 150),
(63, 2),
(63, 142),
(63, 235),
(63, 446),
(63, 456),
(63, 477),
(63, 5),
(63, 213),
(63, 447),
(63, 214),
(63, 215),
(63, 216),
(63, 451),
(64, 446),
(64, 235),
(64, 477),
(64, 211),
(64, 213),
(64, 214),
(64, 215),
(64, 216),
(65, 748),
(65, 260),
(65, 225),
(65, 502),
(65, 396),
(66, 419),
(66, 420),
(66, 32),
(66, 33),
(66, 65),
(66, 66),
(66, 244),
(66, 150),
(66, 422),
(66, 711),
(66, 577),
(66, 578),
(66, 44),
(66, 45),
(66, 245),
(66, 152),
(66, 217),
(66, 47),
(66, 49),
(66, 218),
(66, 748),
(67, 219),
(67, 220),
(67, 234),
(67, 224),
(67, 225),
(67, 226),
(67, 227),
(67, 228),
(67, 229),
(67, 230),
(67, 231),
(67, 232),
(67, 250),
(67, 324),
(67, 326),
(67, 338),
(67, 398),
(67, 399),
(67, 390),
(67, 572),
(67, 613),
(67, 654),
(67, 656),
(67, 224),
(67, 225),
(67, 226),
(67, 227),
(67, 228),
(67, 229),
(67, 230),
(67, 231),
(67, 232),
(67, 222),
(67, 233),
(67, 397),
(67, 398),
(67, 613),
(67, 257),
(67, 221),
(67, 223),
(68, 219),
(68, 220),
(68, 224),
(68, 225),
(68, 226),
(68, 227),
(68, 228),
(68, 229),
(68, 230),
(68, 231),
(68, 232),
(68, 222),
(68, 233),
(68, 257),
(68, 338),
(68, 397),
(68, 398),
(68, 613),
(68, 221),
(68, 223),
(69, 83),
(69, 87),
(69, 88),
(69, 315),
(70, 530),
(70, 531),
(70, 549),
(70, 550),
(70, 714),
(70, 535),
(70, 309),
(70, 532),
(70, 533),
(70, 551),
(70, 552),
(70, 534),
(70, 553),
(70, 554),
(70, 555),
(70, 556),
(70, 549),
(70, 550),
(70, 531),
(70, 309),
(70, 532),
(70, 533),
(70, 551),
(70, 552),
(70, 534),
(70, 553),
(70, 554),
(70, 555),
(70, 556),
(71, 329),
(71, 279),
(71, 318),
(71, 326),
(71, 327),
(71, 328),
(71, 334),
(72, 455),
(72, 419),
(72, 711),
(72, 149),
(72, 150),
(72, 2),
(72, 142),
(72, 235),
(72, 446),
(72, 456),
(72, 477),
(72, 236),
(72, 238),
(72, 3),
(72, 151),
(72, 154),
(72, 156),
(72, 237),
(72, 240),
(72, 428),
(72, 658),
(72, 451),
(73, 437),
(73, 666),
(73, 247),
(73, 254),
(73, 439),
(73, 721),
(74, 376),
(74, 377),
(74, 246),
(74, 250),
(74, 248),
(74, 249),
(74, 234),
(74, 253),
(74, 404),
(74, 705),
(74, 14),
(74, 153),
(74, 247),
(74, 248),
(74, 249),
(74, 255),
(74, 263),
(74, 392),
(74, 393),
(74, 398),
(74, 566),
(74, 615),
(74, 632),
(75, 246),
(75, 247),
(75, 248),
(75, 249),
(75, 250),
(75, 14),
(75, 153),
(75, 247),
(75, 248),
(75, 249),
(75, 255),
(75, 263),
(75, 392),
(75, 393),
(75, 398),
(75, 566),
(75, 615),
(75, 632),
(76, 13),
(76, 14),
(76, 580),
(76, 584),
(76, 669),
(76, 670),
(76, 704),
(76, 705),
(76, 708),
(76, 707),
(77, 243),
(77, 14),
(77, 580),
(77, 584),
(77, 671),
(77, 672),
(77, 704),
(77, 705),
(77, 708),
(77, 707),
(77, 13),
(77, 15),
(77, 16),
(78, 148),
(79, 739),
(79, 306),
(79, 307),
(79, 624),
(79, 446),
(79, 275),
(80, 729),
(80, 251),
(80, 252),
(80, 253),
(80, 264),
(80, 254),
(80, 255),
(80, 256),
(80, 257),
(80, 258),
(80, 259),
(80, 260),
(80, 261),
(80, 262),
(80, 263),
(80, 264),
(80, 255),
(80, 263),
(81, 251),
(81, 252),
(81, 253),
(81, 254),
(81, 255),
(81, 256),
(81, 257),
(81, 258),
(81, 259),
(81, 260),
(81, 261),
(81, 262),
(81, 263),
(81, 264),
(81, 255),
(81, 263),
(82, 455),
(82, 419),
(82, 711),
(82, 149),
(82, 150),
(82, 2),
(82, 446),
(82, 447),
(82, 477),
(82, 456),
(82, 235),
(82, 265),
(82, 269),
(82, 270),
(82, 271),
(82, 272),
(82, 449),
(82, 622),
(82, 266),
(82, 267),
(82, 268),
(82, 451),
(83, 446),
(83, 447),
(83, 265),
(83, 267),
(83, 269),
(83, 270),
(83, 266),
(83, 271),
(83, 272),
(84, 592),
(84, 668),
(84, 312),
(84, 278),
(84, 315),
(84, 316),
(84, 317),
(84, 319),
(84, 321),
(84, 324),
(84, 325),
(84, 275),
(84, 323),
(84, 333),
(84, 334),
(84, 310),
(84, 311),
(84, 330),
(84, 279),
(84, 318),
(84, 329),
(84, 326),
(84, 327),
(84, 328),
(84, 334),
(84, 273),
(84, 274),
(84, 320),
(84, 331),
(84, 332),
(84, 314),
(84, 313),
(85, 592),
(85, 668),
(85, 312),
(85, 321),
(85, 315),
(85, 323),
(85, 324),
(85, 325),
(85, 319),
(85, 318),
(85, 329),
(85, 279),
(85, 327),
(85, 326),
(85, 328),
(85, 330),
(85, 334),
(85, 313),
(85, 314),
(86, 592),
(86, 668),
(86, 312),
(86, 321),
(86, 319),
(86, 315),
(86, 324),
(86, 325),
(86, 273),
(86, 274),
(86, 275),
(86, 320),
(86, 331),
(86, 332),
(86, 313),
(86, 314),
(87, 336),
(87, 337),
(87, 338),
(88, 588),
(88, 590),
(88, 442),
(88, 443),
(88, 444),
(88, 587),
(88, 370),
(88, 371),
(88, 372),
(89, 343),
(89, 711),
(89, 423),
(89, 425),
(89, 344),
(89, 712),
(89, 424),
(89, 426),
(89, 427),
(89, 428),
(89, 429),
(89, 430),
(89, 433),
(89, 127),
(89, 434),
(89, 713),
(89, 578),
(89, 349),
(89, 351),
(89, 354),
(89, 356),
(89, 359),
(89, 361),
(89, 362),
(89, 363),
(89, 235),
(89, 461),
(89, 465),
(90, 711),
(90, 423),
(90, 424),
(90, 426),
(90, 127),
(90, 425),
(90, 427),
(90, 428),
(90, 712),
(90, 713),
(91, 592),
(91, 622),
(91, 610),
(91, 612),
(91, 603),
(91, 711),
(91, 609),
(91, 597),
(91, 595),
(91, 630),
(91, 611),
(92, 467),
(92, 473),
(92, 472),
(93, 610),
(93, 455),
(93, 419),
(93, 711),
(93, 2),
(93, 446),
(93, 456),
(93, 457),
(93, 459),
(93, 463),
(93, 484),
(93, 464),
(94, 455),
(94, 419),
(94, 711),
(94, 149),
(94, 150),
(94, 2),
(94, 142),
(94, 235),
(94, 446),
(94, 456),
(94, 477),
(94, 339),
(94, 340),
(94, 341),
(94, 154),
(94, 485),
(94, 342),
(94, 451),
(95, 211),
(95, 339),
(95, 340),
(95, 341),
(95, 154),
(95, 485),
(95, 342),
(96, 81),
(96, 82),
(96, 380),
(96, 381),
(96, 382),
(96, 383),
(96, 86),
(96, 90),
(96, 93),
(96, 96),
(96, 92),
(96, 100),
(96, 101),
(96, 89),
(96, 91),
(96, 92),
(96, 95),
(96, 97),
(96, 98),
(96, 99),
(96, 383),
(96, 385),
(96, 386),
(96, 387),
(97, 82),
(97, 86),
(97, 90),
(97, 93),
(97, 92),
(97, 100),
(97, 101),
(97, 387),
(97, 384),
(97, 385),
(97, 386),
(99, 81),
(99, 383),
(99, 380),
(99, 381),
(99, 382),
(99, 96),
(101, 490),
(101, 491),
(101, 491),
(101, 491),
(102, 419),
(102, 420),
(102, 32),
(102, 33),
(102, 65),
(102, 66),
(102, 34),
(102, 711),
(102, 577),
(102, 578),
(102, 41),
(102, 42),
(102, 44),
(102, 45),
(102, 48),
(102, 660),
(103, 455),
(103, 419),
(103, 711),
(103, 149),
(103, 150),
(103, 2),
(103, 142),
(103, 235),
(103, 446),
(103, 456),
(103, 477),
(103, 447),
(103, 448),
(103, 449),
(103, 5),
(103, 54),
(103, 265),
(103, 140),
(103, 451),
(104, 455),
(104, 419),
(104, 711),
(104, 149),
(104, 150),
(104, 2),
(104, 142),
(104, 235),
(104, 446),
(104, 456),
(104, 477),
(104, 457),
(104, 458),
(104, 459),
(104, 464),
(104, 461),
(104, 462),
(104, 463),
(104, 465),
(104, 466),
(104, 451),
(105, 467),
(105, 469),
(105, 470),
(105, 471),
(105, 146),
(106, 455),
(106, 456),
(106, 457),
(106, 459),
(106, 6),
(106, 458),
(106, 460),
(106, 461),
(106, 462),
(106, 463),
(106, 464),
(107, 455),
(107, 419),
(107, 711),
(107, 149),
(107, 150),
(107, 2),
(107, 142),
(107, 235),
(107, 446),
(107, 456),
(107, 477),
(107, 478),
(107, 479),
(107, 481),
(107, 485),
(107, 486),
(107, 55),
(107, 215),
(107, 451),
(108, 373),
(108, 375),
(108, 374),
(109, 492),
(109, 500),
(109, 493),
(109, 494),
(109, 495),
(109, 496),
(110, 492),
(110, 558),
(110, 493),
(110, 494),
(110, 495),
(110, 559),
(110, 560),
(110, 496),
(111, 492),
(111, 558),
(111, 500),
(111, 493),
(111, 494),
(111, 495),
(111, 559),
(111, 560),
(111, 497),
(111, 496),
(112, 419),
(112, 711),
(112, 344),
(112, 458),
(112, 467),
(112, 487),
(112, 471),
(112, 146),
(112, 473),
(112, 474),
(112, 468),
(112, 472),
(112, 453),
(112, 468),
(112, 472),
(112, 469),
(112, 469),
(112, 476),
(113, 423),
(113, 425),
(113, 343),
(113, 711),
(113, 424),
(113, 427),
(113, 428),
(113, 434),
(113, 127),
(113, 578),
(113, 426),
(113, 429),
(113, 430),
(113, 433),
(114, 435),
(114, 714),
(115, 711),
(115, 423),
(115, 424),
(115, 425),
(115, 426),
(115, 427),
(115, 428),
(115, 429),
(115, 432),
(115, 434),
(115, 407),
(116, 437),
(116, 377),
(116, 438),
(116, 440),
(116, 666),
(117, 102),
(117, 103),
(117, 377),
(117, 109),
(117, 437),
(117, 439),
(117, 440),
(117, 666),
(117, 110),
(117, 661),
(117, 663),
(117, 744),
(117, 746),
(118, 592),
(118, 598),
(118, 597),
(118, 601),
(118, 608),
(118, 612),
(118, 614),
(118, 621),
(118, 623),
(118, 624),
(118, 625),
(118, 630),
(118, 643),
(118, 650),
(119, 535),
(119, 309),
(119, 549),
(119, 550),
(119, 532),
(119, 533),
(119, 534),
(119, 553),
(119, 554),
(119, 555),
(119, 556),
(120, 536),
(120, 537),
(120, 538),
(120, 539),
(120, 540),
(120, 541),
(120, 543),
(120, 544),
(120, 545),
(121, 507),
(121, 508),
(121, 515),
(121, 517),
(121, 524),
(121, 528),
(121, 529),
(121, 530),
(121, 546),
(121, 547),
(121, 511),
(122, 729),
(122, 592),
(122, 105),
(122, 606),
(122, 35),
(122, 36),
(122, 38),
(122, 37),
(122, 39),
(122, 40),
(122, 711),
(122, 569),
(122, 739),
(122, 503),
(122, 504),
(122, 512),
(122, 513),
(122, 514),
(122, 516),
(122, 519),
(122, 520),
(122, 523),
(122, 525),
(122, 526),
(123, 505),
(123, 506),
(123, 520),
(123, 711),
(123, 518),
(123, 509),
(123, 521),
(123, 522),
(123, 307),
(123, 569),
(124, 419),
(124, 711),
(124, 150),
(124, 149),
(124, 455),
(124, 2),
(124, 235),
(124, 142),
(124, 446),
(124, 456),
(124, 477),
(124, 451),
(125, 102),
(125, 110),
(125, 111),
(125, 109),
(125, 116),
(125, 439),
(126, 564),
(126, 566),
(126, 572),
(126, 573),
(126, 562),
(126, 563),
(126, 565),
(126, 567),
(126, 571),
(126, 568),
(126, 569),
(126, 570),
(127, 564),
(127, 566),
(127, 572),
(127, 573),
(127, 562),
(127, 563),
(127, 565),
(127, 567),
(127, 568),
(127, 569),
(127, 570),
(127, 571),
(128, 419),
(128, 420),
(128, 423),
(128, 424),
(128, 578),
(128, 426),
(128, 433),
(129, 579),
(129, 580),
(129, 584),
(130, 580),
(130, 584),
(130, 704),
(130, 705),
(130, 708),
(130, 707),
(131, 565),
(131, 566),
(131, 572),
(131, 567),
(131, 568),
(131, 569),
(131, 570),
(134, 146),
(134, 147),
(135, 446),
(135, 144),
(135, 140),
(135, 141),
(135, 53),
(136, 592),
(136, 596),
(136, 597),
(136, 607),
(136, 642),
(136, 644),
(136, 618),
(136, 631),
(136, 605),
(136, 610),
(136, 614),
(136, 623),
(136, 598),
(136, 616),
(136, 599),
(136, 600),
(136, 604),
(136, 606),
(138, 592),
(138, 711),
(138, 603),
(138, 607),
(138, 610),
(138, 618),
(138, 631),
(138, 605),
(138, 614),
(138, 623),
(138, 598),
(138, 616),
(138, 599),
(138, 600),
(138, 604),
(138, 606),
(139, 114),
(139, 115),
(139, 117),
(139, 107),
(139, 110),
(139, 377),
(140, 653),
(140, 653),
(140, 654),
(140, 655),
(140, 656),
(140, 657),
(141, 377),
(141, 22),
(141, 440),
(141, 253),
(141, 394),
(142, 2),
(142, 658),
(142, 53),
(142, 272),
(142, 561),
(143, 661),
(143, 662),
(143, 663),
(143, 667),
(143, 664),
(143, 666),
(143, 371),
(143, 438),
(143, 716),
(143, 718),
(143, 721),
(143, 731),
(143, 742),
(143, 745),
(144, 661),
(144, 662),
(144, 667),
(144, 663),
(144, 666),
(144, 438),
(144, 371),
(146, 243),
(146, 579),
(146, 668),
(146, 251),
(146, 252),
(146, 149),
(146, 150),
(146, 14),
(146, 263),
(146, 17),
(146, 224),
(146, 228),
(146, 229),
(146, 221),
(146, 580),
(146, 584),
(146, 253),
(147, 680),
(147, 681),
(147, 688),
(147, 682),
(147, 689),
(147, 684),
(147, 683),
(147, 690),
(147, 687),
(147, 694),
(147, 695),
(147, 686),
(147, 691),
(147, 693),
(148, 668),
(148, 669),
(148, 670),
(149, 669),
(149, 670),
(149, 704),
(149, 705),
(149, 708),
(149, 707),
(150, 18),
(150, 29),
(150, 19),
(150, 20),
(150, 21),
(150, 22),
(150, 23),
(150, 24),
(150, 25),
(150, 26),
(150, 27),
(150, 28),
(150, 663),
(151, 18),
(151, 19),
(151, 20),
(151, 21),
(151, 22),
(151, 23),
(151, 24),
(151, 25),
(151, 26),
(151, 28),
(152, 277),
(152, 278),
(152, 315),
(152, 280),
(152, 316),
(152, 281),
(152, 285),
(152, 287),
(152, 286),
(152, 288),
(152, 289),
(153, 455),
(153, 419),
(153, 711),
(153, 149),
(153, 150),
(153, 2),
(153, 142),
(153, 235),
(153, 446),
(153, 456),
(153, 477),
(153, 143),
(153, 484),
(153, 145),
(153, 140),
(153, 339),
(153, 448),
(153, 482),
(153, 462),
(153, 5),
(153, 483),
(153, 451),
(154, 455),
(154, 419),
(154, 711),
(154, 446),
(154, 142),
(154, 484),
(154, 143),
(154, 145),
(154, 5),
(154, 140),
(154, 339),
(154, 448),
(154, 462),
(154, 482),
(154, 483),
(155, 467),
(155, 146),
(155, 469),
(156, 736),
(156, 734),
(156, 377),
(156, 737),
(156, 746),
(156, 747),
(156, 749),
(156, 733),
(156, 753),
(156, 748),
(156, 439),
(156, 440),
(156, 439),
(156, 740),
(156, 740),
(156, 751),
(156, 755),
(156, 480),
(156, 440),
(157, 733),
(157, 736),
(157, 737),
(157, 746),
(157, 747),
(158, 733),
(158, 746),
(158, 758),
(158, 759),
(158, 441),
(158, 760),
(159, 716),
(159, 718),
(159, 720),
(159, 721),
(159, 722),
(159, 723),
(160, 716),
(160, 717),
(160, 718),
(160, 720),
(160, 721),
(160, 723),
(161, 588),
(161, 590),
(161, 477),
(161, 449),
(161, 568),
(161, 53),
(172, 333),
(172, 334);

-- --------------------------------------------------------

--
-- Table structure for table `secondary_requirements`
--

CREATE TABLE `secondary_requirements` (
  `id` int(11) NOT NULL,
  `name` varchar(255) NOT NULL,
  `credits` int(11) NOT NULL
) ENGINE=InnoDB DEFAULT CHARSET=utf8mb4;

--
-- Dumping data for table `secondary_requirements`
--

INSERT INTO `secondary_requirements` (`id`, `name`, `credits`) VALUES
(1, 'goal-1', 9),
(7, 'goal-3', 7),
(9, 'goal-4', 3),
(10, 'goal-5', 6),
(12, 'goal-6', 6),
(13, 'goal-7', 3),
(14, 'goal-8', 3),
(15, 'goal-9', 3),
(16, 'goal-10', 3),
(17, 'electives', 48),
(18, 'liberal-studies', 8),
(19, 'rigr', 3);

-- --------------------------------------------------------

--
-- Table structure for table `secondary_requirements_courses`
--

CREATE TABLE `secondary_requirements_courses` (
  `secondary_requirement_id` int(11) NOT NULL,
  `courses_id` int(11) NOT NULL
) ENGINE=InnoDB DEFAULT CHARSET=utf8mb4;

--
-- Dumping data for table `secondary_requirements_courses`
--

INSERT INTO `secondary_requirements_courses` (`secondary_requirement_id`, `courses_id`) VALUES
(1, 105),
(1, 105),
(1, 105),
(1, 107),
(1, 110),
(1, 111),
(1, 111),
(1, 113),
(1, 113),
(1, 113),
(1, 113),
(1, 113),
(1, 114),
(1, 388),
(1, 437),
(1, 652),
(1, 717),
(1, 718),
(1, 728),
(1, 728),
(1, 728),
(1, 729),
(1, 729),
(1, 729),
(1, 729),
(1, 729),
(1, 729),
(1, 729),
(1, 730),
(1, 730),
(1, 730),
(1, 730),
(1, 730),
(1, 730),
(1, 730),
(1, 730),
(1, 730),
(1, 730),
(1, 732),
(1, 732),
(1, 733),
(1, 739),
(1, 739),
(1, 739),
(1, 739),
(1, 739),
(1, 739),
(7, 31),
(7, 32),
(7, 32),
(7, 33),
(7, 33),
(7, 35),
(7, 36),
(7, 37),
(7, 38),
(7, 38),
(7, 39),
(7, 40),
(7, 40),
(7, 62),
(7, 63),
(7, 63),
(7, 64),
(7, 65),
(7, 65),
(7, 66),
(7, 66),
(7, 71),
(7, 72),
(7, 72),
(7, 244),
(7, 386),
(7, 501),
(7, 501),
(7, 502),
(7, 575),
(7, 576),
(7, 577),
(7, 578),
(7, 578),
(7, 605),
(7, 605),
(7, 605),
(7, 607),
(7, 607),
(7, 607),
(7, 607),
(7, 623),
(9, 418),
(9, 418),
(9, 419),
(9, 419),
(9, 419),
(9, 419),
(9, 419),
(9, 419),
(9, 419),
(9, 420),
(9, 420),
(9, 423),
(9, 423),
(9, 424),
(9, 425),
(9, 425),
(9, 425),
(9, 425),
(9, 425),
(9, 425),
(9, 425),
(9, 427),
(9, 428),
(9, 711),
(9, 711),
(9, 711),
(9, 711),
(9, 711),
(9, 711),
(9, 711),
(9, 711),
(9, 711),
(9, 711),
(9, 711),
(9, 711),
(9, 712),
(10, 12),
(10, 12),
(10, 12),
(10, 12),
(10, 13),
(10, 14),
(10, 14),
(10, 15),
(10, 16),
(10, 17),
(10, 81),
(10, 81),
(10, 92),
(10, 92),
(10, 93),
(10, 93),
(10, 93),
(10, 93),
(10, 93),
(10, 149),
(10, 149),
(10, 149),
(10, 149),
(10, 149),
(10, 150),
(10, 150),
(10, 150),
(10, 150),
(10, 152),
(10, 153),
(10, 155),
(10, 225),
(10, 225),
(10, 225),
(10, 225),
(10, 225),
(10, 225),
(10, 226),
(10, 227),
(10, 228),
(10, 231),
(10, 232),
(10, 243),
(10, 243),
(10, 246),
(10, 249),
(10, 250),
(10, 251),
(10, 251),
(10, 252),
(10, 252),
(10, 253),
(10, 254),
(10, 255),
(10, 256),
(10, 257),
(10, 258),
(10, 258),
(10, 259),
(10, 260),
(10, 261),
(10, 262),
(10, 263),
(10, 326),
(10, 327),
(10, 328),
(10, 329),
(10, 330),
(10, 333),
(10, 389),
(10, 390),
(10, 579),
(10, 579),
(10, 580),
(10, 581),
(10, 582),
(10, 583),
(10, 584),
(10, 585),
(10, 586),
(10, 592),
(10, 592),
(10, 592),
(10, 592),
(10, 592),
(10, 592),
(10, 597),
(10, 597),
(10, 597),
(10, 597),
(10, 597),
(10, 598),
(10, 598),
(10, 598),
(10, 599),
(10, 600),
(10, 601),
(10, 602),
(10, 603),
(10, 604),
(10, 604),
(10, 604),
(10, 606),
(10, 606),
(10, 606),
(10, 608),
(10, 610),
(10, 611),
(10, 612),
(10, 613),
(10, 614),
(10, 615),
(10, 616),
(10, 617),
(10, 618),
(10, 618),
(10, 619),
(10, 620),
(10, 621),
(10, 622),
(10, 624),
(10, 627),
(10, 628),
(10, 629),
(10, 630),
(10, 630),
(10, 630),
(10, 630),
(10, 630),
(10, 631),
(10, 632),
(10, 632),
(10, 633),
(10, 634),
(10, 635),
(10, 636),
(10, 637),
(10, 638),
(10, 639),
(10, 640),
(10, 641),
(10, 668),
(10, 668),
(10, 669),
(10, 670),
(10, 671),
(10, 672),
(10, 673),
(10, 674),
(10, 675),
(10, 677),
(10, 705),
(12, 18),
(12, 19),
(12, 20),
(12, 20),
(12, 21),
(12, 21),
(12, 22),
(12, 23),
(12, 24),
(12, 25),
(12, 26),
(12, 96),
(12, 96),
(12, 96),
(12, 104),
(12, 219),
(12, 220),
(12, 220),
(12, 223),
(12, 224),
(12, 229),
(12, 229),
(12, 247),
(12, 248),
(12, 335),
(12, 336),
(12, 337),
(12, 338),
(12, 338),
(12, 371),
(12, 391),
(12, 391),
(12, 392),
(12, 393),
(12, 394),
(12, 395),
(12, 396),
(12, 396),
(12, 397),
(12, 398),
(12, 399),
(12, 400),
(12, 401),
(12, 438),
(12, 498),
(12, 562),
(12, 562),
(12, 563),
(12, 565),
(12, 565),
(12, 566),
(12, 567),
(12, 567),
(12, 568),
(12, 568),
(12, 568),
(12, 568),
(12, 568),
(12, 568),
(12, 569),
(12, 569),
(12, 569),
(12, 569),
(12, 570),
(12, 572),
(12, 572),
(12, 573),
(12, 653),
(12, 654),
(12, 655),
(12, 655),
(12, 656),
(12, 657),
(12, 661),
(12, 666),
(12, 668),
(12, 716),
(12, 720),
(12, 731),
(12, 731),
(12, 735),
(13, 93),
(13, 93),
(13, 93),
(13, 93),
(13, 93),
(13, 106),
(13, 113),
(13, 113),
(13, 113),
(13, 113),
(13, 113),
(13, 153),
(13, 179),
(13, 219),
(13, 220),
(13, 220),
(13, 221),
(13, 222),
(13, 223),
(13, 224),
(13, 227),
(13, 229),
(13, 229),
(13, 230),
(13, 231),
(13, 232),
(13, 233),
(13, 246),
(13, 247),
(13, 248),
(13, 249),
(13, 250),
(13, 256),
(13, 257),
(13, 258),
(13, 258),
(13, 266),
(13, 328),
(13, 338),
(13, 338),
(13, 371),
(13, 392),
(13, 397),
(13, 398),
(13, 449),
(13, 449),
(13, 449),
(13, 449),
(13, 449),
(13, 449),
(13, 449),
(13, 449),
(13, 566),
(13, 572),
(13, 572),
(13, 597),
(13, 597),
(13, 597),
(13, 597),
(13, 597),
(13, 613),
(13, 628),
(13, 633),
(13, 655),
(13, 655),
(13, 668),
(13, 668),
(13, 669),
(13, 673),
(13, 675),
(13, 703),
(13, 735),
(14, 14),
(14, 14),
(14, 15),
(14, 109),
(14, 109),
(14, 109),
(14, 109),
(14, 109),
(14, 263),
(14, 307),
(14, 307),
(14, 337),
(14, 339),
(14, 339),
(14, 389),
(14, 390),
(14, 399),
(14, 485),
(14, 581),
(14, 582),
(14, 584),
(14, 654),
(14, 656),
(14, 657),
(14, 671),
(14, 672),
(14, 696),
(14, 696),
(14, 697),
(14, 698),
(14, 699),
(15, 96),
(15, 96),
(15, 104),
(15, 107),
(15, 228),
(15, 255),
(15, 259),
(15, 370),
(15, 563),
(15, 565),
(15, 565),
(15, 568),
(15, 568),
(15, 568),
(15, 568),
(15, 568),
(15, 568),
(15, 569),
(15, 569),
(15, 569),
(15, 569),
(15, 570),
(15, 579),
(15, 579),
(15, 580),
(15, 583),
(15, 586),
(15, 634),
(15, 670),
(15, 674),
(15, 677),
(16, 12),
(16, 12),
(16, 12),
(16, 12),
(16, 16),
(16, 46),
(16, 49),
(16, 64),
(16, 152),
(16, 217),
(16, 225),
(16, 225),
(16, 225),
(16, 225),
(16, 225),
(16, 225),
(16, 243),
(16, 243),
(16, 244),
(16, 245),
(16, 260),
(16, 396),
(16, 396),
(16, 501),
(16, 501),
(16, 502),
(16, 567),
(16, 567),
(16, 576),
(16, 637),
(16, 748),
(17, 45),
(17, 376),
(17, 377),
(17, 434),
(17, 443),
(17, 455),
(17, 588),
(17, 662),
(17, 663),
(17, 667),
(17, 727),
(17, 736),
(17, 737),
(17, 740),
(17, 742),
(17, 743),
(17, 744),
(17, 745),
(17, 746),
(17, 747),
(17, 749),
(17, 750),
(17, 751),
(17, 753),
(17, 755),
(18, 45),
(18, 156),
(18, 376),
(18, 377),
(18, 434),
(18, 443),
(18, 455),
(18, 588),
(18, 662),
(18, 663),
(18, 667),
(18, 736),
(18, 739),
(18, 740),
(18, 742),
(18, 743),
(18, 744),
(18, 745),
(18, 746),
(18, 747),
(18, 748),
(18, 751),
(18, 753),
(18, 755),
(19, 93),
(19, 113),
(19, 176),
(19, 219),
(19, 220),
(19, 224),
(19, 225),
(19, 231),
(19, 233),
(19, 266),
(19, 281),
(19, 282),
(19, 324),
(19, 390),
(19, 393),
(19, 398),
(19, 449),
(19, 572),
(19, 597),
(19, 628),
(19, 682),
(19, 689);

--
-- Indexes for dumped tables
--

--
-- Indexes for table `courses`
--
ALTER TABLE `courses`
  ADD PRIMARY KEY (`id`);

--
-- Indexes for table `majors`
--
ALTER TABLE `majors`
  ADD PRIMARY KEY (`id`);

--
-- Indexes for table `secondary_requirements`
--
ALTER TABLE `secondary_requirements`
  ADD PRIMARY KEY (`id`);

--
-- AUTO_INCREMENT for dumped tables
--

--
-- AUTO_INCREMENT for table `courses`
--
ALTER TABLE `courses`
  MODIFY `id` int(11) NOT NULL AUTO_INCREMENT, AUTO_INCREMENT=761;

--
-- AUTO_INCREMENT for table `majors`
--
ALTER TABLE `majors`
  MODIFY `id` int(11) NOT NULL AUTO_INCREMENT, AUTO_INCREMENT=173;

--
-- AUTO_INCREMENT for table `secondary_requirements`
--
ALTER TABLE `secondary_requirements`
  MODIFY `id` int(11) NOT NULL AUTO_INCREMENT, AUTO_INCREMENT=20;
COMMIT;

/*!40101 SET CHARACTER_SET_CLIENT=@OLD_CHARACTER_SET_CLIENT */;
/*!40101 SET CHARACTER_SET_RESULTS=@OLD_CHARACTER_SET_RESULTS */;
/*!40101 SET COLLATION_CONNECTION=@OLD_COLLATION_CONNECTION */;
